idLote,siglaSetor,idUsuario,nomeUsuario,tipoAcao,parametros,dataHora,qtdExpedientes,qtdSucesso,qtdFalhas,resultado,gerenciadores,idsExpedientes
LOT000001,GABSUB3-DVT,GABSUB3-DVT-U03,Carla Modelo,ASSINAR,certificado=ICP-Brasil,2026-09-19T02:11:00-03:00,15,15,0,SUCESSO,DOCUMENTO;JUDICIAL,EXP000149;EXP000142;EXP000313;EXP000224;EXP000349;EXP000344;EXP000103;EXP000320;EXP000078;EXP000377;EXP000158;EXP000104;EXP000376;EXP000192;EXP000389
LOT000002,GABSUB3-DVT,GABSUB3-DVT-U02,Bruno Teste,ARQUIVAR,motivo=conclusão,2026-09-14T12:23:00-03:00,16,16,0,SUCESSO,DOCUMENTO;EXTRAJUDICIAL;JUDICIAL,EXP000548;EXP000459;EXP000445;EXP000489;EXP000478;EXP000467;EXP000501;EXP000461;EXP000542;EXP000510;EXP000477;EXP000515;EXP000538;EXP000484;EXP000560;EXP000532
LOT000003,GABSUB3-DVT,GABSUB3-DVT-U01,Ana Exemplo,DAR_CIENCIA,tipo=ciência simples,2026-10-01T15:28:00-03:00,4,2,2,PARCIAL,JUDICIAL,EXP000391;EXP000382;EXP000399;EXP000410
LOT000004,GABSUB3-DVT,GABSUB3-DVT-U04,Diego Fictício,DESIGNAR,designado=GABSUB3-DVT-U05,2026-08-14T12:27:00-03:00,10,10,0,SUCESSO,DOCUMENTO,EXP000260;EXP000239;EXP000288;EXP000305;EXP000148;EXP000268;EXP000297;EXP000222;EXP000108;EXP000143
LOT000005,GABSUB3-DVT,GABSUB3-DVT-U06,Fábio Demo,RECEBER,confirmarRecebimento=true,2026-08-30T04:12:00-03:00,17,17,0,SUCESSO,DOCUMENTO;EXTRAJUDICIAL;JUDICIAL,EXP000368;EXP000367;EXP000365;EXP000358;EXP000359;EXP000357;EXP000002;EXP000360;EXP000001;EXP000366;EXP000413;EXP000370;EXP000364;EXP000363;EXP000361;EXP000369;EXP000362
LOT000006,GABSUB3-DVT,GABSUB3-DVT-U03,Carla Modelo,DESIGNAR,designado=GABSUB3-DVT-U06,2026-09-12T11:21:00-03:00,3,3,0,SUCESSO,DOCUMENTO,EXP000345;EXP000297;EXP000037
LOT000007,GABSUB3-DVT,GABSUB3-DVT-U02,Bruno Teste,INCLUIR_MARCADOR,marcador=Repercussão geral,2026-09-19T05:04:00-03:00,15,15,0,SUCESSO,DOCUMENTO;JUDICIAL,EXP000130;EXP000125;EXP000119;EXP000323;EXP000316;EXP000299;EXP000409;EXP000143;EXP000289;EXP000188;EXP000128;EXP000084;EXP000018;EXP000290;EXP000306
LOT000008,GABSUB3-DVT,GABSUB3-DVT-U04,Diego Fictício,DAR_CIENCIA,tipo=ciência simples,2026-08-15T22:36:00-03:00,21,21,0,SUCESSO,JUDICIAL,EXP000376;EXP000385;EXP000380;EXP000392;EXP000406;EXP000382;EXP000381;EXP000407;EXP000402;EXP000388;EXP000405;EXP000404;EXP000389;EXP000394;EXP000410;EXP000398;EXP000401;EXP000383;EXP000378;EXP000375;EXP000396
LOT000009,GABSUB3-DVT,GABSUB3-DVT-U04,Diego Fictício,ARQUIVAR,motivo=conclusão,2026-08-13T11:48:00-03:00,21,21,0,SUCESSO,DOCUMENTO;JUDICIAL,EXP000513;EXP000529;EXP000469;EXP000474;EXP000440;EXP000435;EXP000519;EXP000528;EXP000453;EXP000512;EXP000420;EXP000553;EXP000484;EXP000467;EXP000540;EXP000526;EXP000549;EXP000502;EXP000497;EXP000542;EXP000544
LOT000010,GABSUB3-DVT,GABSUB3-DVT-U02,Bruno Teste,DESIGNAR,designado=GABSUB3-DVT-U04,2026-09-16T16:27:00-03:00,13,13,0,SUCESSO,DOCUMENTO;JUDICIAL,EXP000080;EXP000385;EXP000046;EXP000314;EXP000382;EXP000356;EXP000200;EXP000093;EXP000213;EXP000113;EXP000118;EXP000167;EXP000187
LOT000011,GABSUB3-DVT,GABSUB3-DVT-U01,Ana Exemplo,MOVIMENTAR,destino=GABSUB5,2026-09-14T11:57:00-03:00,21,20,1,PARCIAL,DOCUMENTO;JUDICIAL,EXP000247;EXP000019;EXP000376;EXP000295;EXP000131;EXP000337;EXP000382;EXP000040;EXP000238;EXP000390;EXP000018;EXP000206;EXP000299;EXP000183;EXP000191;EXP000202;EXP000017;EXP000258;EXP000230;EXP000395;EXP000235
LOT000012,GABSUB3-DVT,GABSUB3-DVT-U05,Elisa Amostra,INCLUIR_MARCADOR,marcador=Acompanhar,2026-09-02T23:34:00-03:00,9,9,0,SUCESSO,DOCUMENTO,EXP000144;EXP000194;EXP000140;EXP000252;EXP000087;EXP000093;EXP000119;EXP000306;EXP000337
LOT000013,GABSUB3-DVT,GABSUB3-DVT-U01,Ana Exemplo,INCLUIR_MARCADOR,marcador=Prorrogar,2026-08-18T09:11:00-03:00,3,2,1,PARCIAL,DOCUMENTO;JUDICIAL,EXP000124;EXP000053;EXP000387
LOT000014,GABSUB3-DVT,GABSUB3-DVT-U03,Carla Modelo,RECEBER,confirmarRecebimento=true,2026-09-22T12:50:00-03:00,10,10,0,SUCESSO,EXTRAJUDICIAL;JUDICIAL,EXP000357;EXP000371;EXP000363;EXP000369;EXP000359;EXP000370;EXP000413;EXP000361;EXP000373;EXP000368
LOT000015,GABSUB3-DVT,GABSUB3-DVT-U06,Fábio Demo,DAR_CIENCIA,tipo=ciência simples,2026-09-21T16:29:00-03:00,4,4,0,SUCESSO,JUDICIAL,EXP000389;EXP000380;EXP000378;EXP000411
LOT000016,CIVINT/STIC,CIVINT-STIC-U05,Karina Ensaio,DESIGNAR,designado=CIVINT-STIC-U08,2026-08-19T13:06:00-03:00,8,8,0,SUCESSO,DOCUMENTO,EXP001959;EXP001864;EXP002604;EXP001825;EXP001806;EXP002972;EXP002592;EXP002099
LOT000017,CIVINT/STIC,CIVINT-STIC-U07,Marina Maquete,RECEBER,confirmarRecebimento=true,2026-09-06T14:46:00-03:00,12,12,0,SUCESSO,DOCUMENTO,EXP001091;EXP001006;EXP001162;EXP000669;EXP001229;EXP001191;EXP000890;EXP000948;EXP000807;EXP001147;EXP000766;EXP001212
LOT000018,CIVINT/STIC,CIVINT-STIC-U02,Heitor Protótipo,RECEBER,confirmarRecebimento=true,2026-09-28T17:10:00-03:00,14,14,0,SUCESSO,DOCUMENTO,EXP000596;EXP000823;EXP001106;EXP001206;EXP000974;EXP001152;EXP000677;EXP000726;EXP001188;EXP000613;EXP000999;EXP000898;EXP001112;EXP000743
LOT000019,CIVINT/STIC,CIVINT-STIC-U03,Isabela Piloto,DESIGNAR,designado=CIVINT-STIC-U07,2026-08-14T03:45:00-03:00,13,13,0,SUCESSO,DOCUMENTO,EXP003056;EXP002030;EXP003069;EXP002595;EXP001995;EXP002176;EXP002609;EXP002488;EXP002782;EXP001811;EXP002441;EXP002974;EXP002373
LOT000020,CIVINT/STIC,CIVINT-STIC-U08,Nelson Mock,DESIGNAR,designado=CIVINT-STIC-U03,2026-08-28T21:34:00-03:00,21,19,2,PARCIAL,DOCUMENTO,EXP002851;EXP002305;EXP002708;EXP002907;EXP002177;EXP002480;EXP001798;EXP001995;EXP002615;EXP002980;EXP002243;EXP003015;EXP003160;EXP002274;EXP002194;EXP003106;EXP002662;EXP001987;EXP002439;EXP002937;EXP001874
LOT000021,CIVINT/STIC,CIVINT-STIC-U03,Isabela Piloto,MOVIMENTAR,destino=PR-DF,2026-10-03T12:04:00-03:00,22,22,0,SUCESSO,DOCUMENTO,EXP003107;EXP003146;EXP002760;EXP001923;EXP002623;EXP002059;EXP003153;EXP002424;EXP002570;EXP002093;EXP002553;EXP002667;EXP002509;EXP002762;EXP002874;EXP001990;EXP002535;EXP002722;EXP002357;EXP002547;EXP002829;EXP001824
LOT000022,CIVINT/STIC,CIVINT-STIC-U03,Isabela Piloto,ASSINAR,certificado=ICP-Brasil,2026-08-10T11:45:00-03:00,22,22,0,SUCESSO,DOCUMENTO;EXTRAJUDICIAL,EXP002060;EXP003189;EXP001987;EXP001845;EXP001948;EXP002992;EXP003171;EXP002139;EXP002170;EXP002733;EXP001877;EXP002088;EXP002640;EXP002581;EXP002952;EXP003160;EXP001994;EXP003005;EXP002016;EXP002528;EXP002776;EXP002126
LOT000023,CIVINT/STIC,CIVINT-STIC-U04,João Rascunho,ASSINAR,certificado=ICP-Brasil,2026-08-16T23:54:00-03:00,5,5,0,SUCESSO,DOCUMENTO,EXP002204;EXP002671;EXP002485;EXP003178;EXP002107
LOT000024,CIVINT/STIC,CIVINT-STIC-U06,Lucas Esboço,INCLUIR_MARCADOR,marcador=Para parecer,2026-09-07T01:45:00-03:00,8,8,0,SUCESSO,DOCUMENTO,EXP002461;EXP002655;EXP003100;EXP002889;EXP003120;EXP002298;EXP001820;EXP001858
LOT000025,CIVINT/STIC,CIVINT-STIC-U04,João Rascunho,ARQUIVAR,motivo=conclusão,2026-08-28T23:57:00-03:00,18,18,0,SUCESSO,DOCUMENTO,EXP003446;EXP003976;EXP003425;EXP003539;EXP003763;EXP004027;EXP003858;EXP003893;EXP003310;EXP003504;EXP003823;EXP004057;EXP003254;EXP003886;EXP003706;EXP004005;EXP003732;EXP003840
LOT000026,CIVINT/STIC,CIVINT-STIC-U03,Isabela Piloto,ARQUIVAR,motivo=conclusão,2026-09-29T12:50:00-03:00,25,25,0,SUCESSO,DOCUMENTO,EXP004059;EXP003911;EXP004085;EXP003686;EXP003553;EXP003896;EXP003879;EXP003758;EXP003225;EXP003234;EXP004070;EXP003588;EXP003612;EXP003350;EXP003360;EXP003689;EXP003697;EXP003277;EXP003348;EXP003299;EXP003200;EXP003359;EXP003239;EXP003853;EXP003690
LOT000027,CIVINT/STIC,CIVINT-STIC-U06,Lucas Esboço,RECEBER,confirmarRecebimento=true,2026-10-01T06:22:00-03:00,12,12,0,SUCESSO,DOCUMENTO,EXP001004;EXP001189;EXP000593;EXP000682;EXP001014;EXP000668;EXP000969;EXP000834;EXP000939;EXP000839;EXP000858;EXP000657
LOT000028,CIVINT/STIC,CIVINT-STIC-U03,Isabela Piloto,MOVIMENTAR,destino=GABSUB5,2026-08-19T03:01:00-03:00,8,8,0,SUCESSO,DOCUMENTO,EXP002838;EXP003101;EXP002349;EXP001953;EXP002784;EXP002547;EXP001840;EXP003127
LOT000029,CIVINT/STIC,CIVINT-STIC-U02,Heitor Protótipo,DESIGNAR,designado=CIVINT-STIC-U03,2026-09-28T09:36:00-03:00,23,23,0,SUCESSO,DOCUMENTO,EXP001992;EXP002028;EXP002576;EXP002956;EXP002479;EXP002079;EXP002288;EXP002527;EXP003015;EXP002177;EXP002933;EXP002129;EXP003123;EXP002128;EXP001892;EXP002969;EXP001894;EXP002241;EXP002111;EXP002346;EXP001907;EXP001836;EXP002706
LOT000030,CIVINT/STIC,CIVINT-STIC-U05,Karina Ensaio,MOVIMENTAR,destino=STIC/DTI,2026-09-17T02:21:00-03:00,19,19,0,SUCESSO,DOCUMENTO,EXP002438;EXP002377;EXP003102;EXP002136;EXP002759;EXP001782;EXP002139;EXP001824;EXP002986;EXP002393;EXP002444;EXP002480;EXP002708;EXP002298;EXP002649;EXP002183;EXP003046;EXP002941;EXP001822
LOT000031,CIVINT/STIC,CIVINT-STIC-U08,Nelson Mock,RECEBER,confirmarRecebimento=true,2026-09-14T01:55:00-03:00,23,23,0,SUCESSO,DOCUMENTO,EXP000996;EXP001131;EXP000709;EXP000589;EXP001029;EXP001012;EXP001095;EXP000938;EXP000729;EXP001022;EXP000901;EXP000815;EXP000698;EXP000599;EXP000962;EXP001218;EXP000662;EXP000760;EXP000867;EXP000684;EXP001181;EXP000671;EXP000756
LOT000032,CIVINT/STIC,CIVINT-STIC-U07,Marina Maquete,ARQUIVAR,motivo=conclusão,2026-08-10T15:26:00-03:00,12,12,0,SUCESSO,DOCUMENTO,EXP003222;EXP003356;EXP003310;EXP003486;EXP003558;EXP003432;EXP003299;EXP003282;EXP003567;EXP003771;EXP003675;EXP003494
LOT000033,CIVINT/STIC,CIVINT-STIC-U06,Lucas Esboço,MOVIMENTAR,destino=PR-DF,2026-10-07T09:52:00-03:00,11,11,0,SUCESSO,DOCUMENTO,EXP002187;EXP003033;EXP001995;EXP002217;EXP002159;EXP002600;EXP001924;EXP002369;EXP002530;EXP002470;EXP001893
LOT000034,CIVINT/STIC,CIVINT-STIC-U06,Lucas Esboço,DESIGNAR,designado=CIVINT-STIC-U03,2026-08-29T11:03:00-03:00,11,11,0,SUCESSO,DOCUMENTO,EXP002493;EXP001934;EXP002082;EXP002932;EXP001973;EXP003115;EXP003053;EXP002437;EXP002887;EXP003089;EXP002747
LOT000035,CIVINT/STIC,CIVINT-STIC-U04,João Rascunho,DESIGNAR,designado=CIVINT-STIC-U07,2026-09-06T21:04:00-03:00,14,14,0,SUCESSO,DOCUMENTO,EXP003098;EXP002157;EXP002687;EXP002338;EXP002142;EXP002063;EXP002440;EXP002931;EXP002425;EXP002221;EXP002960;EXP002632;EXP002274;EXP002479
LOT000036,CIVINT/STIC,CIVINT-STIC-U05,Karina Ensaio,INCLUIR_MARCADOR,marcador=Prorrogar,2026-08-30T06:32:00-03:00,17,17,0,SUCESSO,DOCUMENTO,EXP001784;EXP003071;EXP002860;EXP003152;EXP002693;EXP002318;EXP002706;EXP002623;EXP002449;EXP002063;EXP002855;EXP002596;EXP002916;EXP002208;EXP003181;EXP002897;EXP002311
LOT000037,CIVINT/STIC,CIVINT-STIC-U04,João Rascunho,RECEBER,confirmarRecebimento=true,2026-09-03T20:04:00-03:00,4,4,0,SUCESSO,DOCUMENTO,EXP000879;EXP000792;EXP000830;EXP000787
LOT000038,CIVINT/STIC,CIVINT-STIC-U06,Lucas Esboço,RECEBER,confirmarRecebimento=true,2026-09-08T23:45:00-03:00,15,15,0,SUCESSO,DOCUMENTO,EXP001098;EXP001142;EXP001052;EXP000848;EXP000863;EXP000819;EXP000995;EXP001134;EXP001029;EXP000687;EXP001020;EXP000843;EXP001181;EXP000568;EXP001190
LOT000039,CIVINT/STIC,CIVINT-STIC-U05,Karina Ensaio,DESIGNAR,designado=CIVINT-STIC-U06,2026-09-01T19:12:00-03:00,21,21,0,SUCESSO,DOCUMENTO,EXP002892;EXP001792;EXP002700;EXP001967;EXP002780;EXP003050;EXP002644;EXP002521;EXP002199;EXP002150;EXP001911;EXP002677;EXP003090;EXP001786;EXP002987;EXP002015;EXP002001;EXP002791;EXP002748;EXP003106;EXP002898
LOT000040,CIVINT/STIC,CIVINT-STIC-U04,João Rascunho,INCLUIR_MARCADOR,marcador=Prorrogar,2026-08-09T07:45:00-03:00,25,25,0,SUCESSO,DOCUMENTO,EXP002556;EXP002446;EXP002849;EXP003136;EXP002830;EXP003037;EXP002399;EXP003017;EXP002070;EXP001933;EXP003159;EXP002418;EXP002793;EXP002543;EXP002883;EXP002436;EXP002689;EXP001900;EXP002294;EXP001839;EXP002959;EXP002998;EXP003145;EXP002104;EXP002591
LOT000041,CIVINT/STIC,CIVINT-STIC-U07,Marina Maquete,RECEBER,confirmarRecebimento=true,2026-09-27T00:21:00-03:00,6,6,0,SUCESSO,DOCUMENTO,EXP000941;EXP001089;EXP000881;EXP000897;EXP000746;EXP000920
LOT000042,CIVINT/STIC,CIVINT-STIC-U01,Gabriela Simulada,DESIGNAR,designado=CIVINT-STIC-U04,2026-09-22T08:14:00-03:00,20,19,1,PARCIAL,DOCUMENTO,EXP002436;EXP002358;EXP001837;EXP001961;EXP002704;EXP003023;EXP002536;EXP002521;EXP002941;EXP002847;EXP003088;EXP003020;EXP002931;EXP002270;EXP002302;EXP002175;EXP002762;EXP001870;EXP002129;EXP002368
LOT000043,CIVINT/STIC,CIVINT-STIC-U02,Heitor Protótipo,DESIGNAR,designado=CIVINT-STIC-U04,2026-08-24T21:59:00-03:00,13,12,1,PARCIAL,DOCUMENTO,EXP003035;EXP002627;EXP002276;EXP002194;EXP001901;EXP001878;EXP002251;EXP002682;EXP002318;EXP002021;EXP002801;EXP002139;EXP002760
LOT000044,CIVINT/STIC,CIVINT-STIC-U01,Gabriela Simulada,MOVIMENTAR,destino=PR-SP,2026-10-06T06:19:00-03:00,19,19,0,SUCESSO,DOCUMENTO,EXP001839;EXP003044;EXP002581;EXP001804;EXP002161;EXP001881;EXP001933;EXP002509;EXP002927;EXP002003;EXP002160;EXP003073;EXP002836;EXP002744;EXP001886;EXP002380;EXP002693;EXP002962;EXP003167
LOT000045,CIVINT/STIC,CIVINT-STIC-U04,João Rascunho,ARQUIVAR,motivo=conclusão,2026-09-01T18:17:00-03:00,6,6,0,SUCESSO,DOCUMENTO,EXP003941;EXP003477;EXP003349;EXP003627;EXP003840;EXP003991
LOT000046,CIVINT/STIC,CIVINT-STIC-U04,João Rascunho,DESIGNAR,designado=CIVINT-STIC-U05,2026-09-28T09:13:00-03:00,7,7,0,SUCESSO,DOCUMENTO,EXP002595;EXP001926;EXP002836;EXP002350;EXP002722;EXP002673;EXP001801
LOT000047,CIVINT/STIC,CIVINT-STIC-U04,João Rascunho,ASSINAR,certificado=ICP-Brasil,2026-08-25T15:39:00-03:00,25,25,0,SUCESSO,DOCUMENTO,EXP003145;EXP002126;EXP001990;EXP002901;EXP002231;EXP002429;EXP002196;EXP002885;EXP002350;EXP002014;EXP002136;EXP002680;EXP002029;EXP001834;EXP002628;EXP002176;EXP002929;EXP001972;EXP002456;EXP002035;EXP002840;EXP001794;EXP002349;EXP002985;EXP003165
LOT000048,CIVINT/STIC,CIVINT-STIC-U01,Gabriela Simulada,MOVIMENTAR,destino=PR-SP,2026-09-21T19:15:00-03:00,3,1,2,PARCIAL,DOCUMENTO,EXP003145;EXP002124;EXP002798
LOT000049,CIVINT/STIC,CIVINT-STIC-U03,Isabela Piloto,RECEBER,confirmarRecebimento=true,2026-09-02T07:37:00-03:00,2,2,0,SUCESSO,DOCUMENTO,EXP000589;EXP000909
LOT000050,CIVINT/STIC,CIVINT-STIC-U06,Lucas Esboço,ASSINAR,certificado=ICP-Brasil,2026-10-06T13:37:00-03:00,7,6,1,PARCIAL,DOCUMENTO,EXP002656;EXP002613;EXP002421;EXP002631;EXP002917;EXP001852;EXP002363
LOT000051,CIVINT/STIC,CIVINT-STIC-U05,Karina Ensaio,DESIGNAR,designado=CIVINT-STIC-U07,2026-10-01T14:49:00-03:00,19,19,0,SUCESSO,DOCUMENTO,EXP002890;EXP002535;EXP002240;EXP002670;EXP002746;EXP001925;EXP002713;EXP002577;EXP002432;EXP002211;EXP002336;EXP002752;EXP002246;EXP002839;EXP002278;EXP002526;EXP002143;EXP003122;EXP001996
LOT000052,CIVINT/STIC,CIVINT-STIC-U02,Heitor Protótipo,ARQUIVAR,motivo=conclusão,2026-09-30T13:20:00-03:00,18,18,0,SUCESSO,DOCUMENTO,EXP003846;EXP003222;EXP004002;EXP003861;EXP004036;EXP003455;EXP003898;EXP004001;EXP003663;EXP003298;EXP003716;EXP003743;EXP003424;EXP003214;EXP004095;EXP003428;EXP003915;EXP003895
