siglaSetor,idExpediente,etiqueta,gerenciador,idUsuario,nomeUsuario,dataInclusao
GABSUB3-DVT,EXP000263,PGR-00067121/2026,DOCUMENTO,GABSUB3-DVT-U02,Bruno Teste,2026-10-05T06:52:27-03:00
GABSUB3-DVT,EXP000117,PGR-00014628/2026,DOCUMENTO,GABSUB3-DVT-U02,Bruno Teste,2026-10-05T11:21:46-03:00
GABSUB3-DVT,EXP000161,PGR-00089613/2026,DOCUMENTO,GABSUB3-DVT-U03,Carla Modelo,2026-09-08T10:10:07-03:00
GABSUB3-DVT,EXP000166,PGR-00056131/2026,DOCUMENTO,GABSUB3-DVT-U03,Carla Modelo,2026-10-07T13:56:03-03:00
CIVINT/STIC,EXP001189,PGR-00073846/2026,DOCUMENTO,CIVINT-STIC-U01,Gabriela Simulada,2026-10-07T04:50:31-03:00
CIVINT/STIC,EXP001039,PGR-00035211/2026,DOCUMENTO,CIVINT-STIC-U06,Lucas Esboço,2026-10-07T10:58:48-03:00
CIVINT/STIC,EXP002622,PGR-00021450/2026,DOCUMENTO,CIVINT-STIC-U02,Heitor Protótipo,2026-09-08T13:41:33-03:00
CIVINT/STIC,EXP003181,PGR-00089079/2026,DOCUMENTO,CIVINT-STIC-U02,Heitor Protótipo,2026-10-07T04:19:56-03:00
CIVINT/STIC,EXP002788,PGR-00065212/2026,DOCUMENTO,CIVINT-STIC-U01,Gabriela Simulada,2026-10-06T13:40:36-03:00
CIVINT/STIC,EXP001887,PGR-00022572/2026,DOCUMENTO,CIVINT-STIC-U06,Lucas Esboço,2026-07-19T21:42:02-03:00
CIVINT/STIC,EXP001021,PGR-00013944/2026,DOCUMENTO,CIVINT-STIC-U01,Gabriela Simulada,2026-10-06T14:36:54-03:00
CIVINT/STIC,EXP002720,PGR-00097315/2026,DOCUMENTO,CIVINT-STIC-U05,Karina Ensaio,2026-09-24T20:05:36-03:00
CIVINT/STIC,EXP001184,PGR-00057720/2026,DOCUMENTO,CIVINT-STIC-U07,Marina Maquete,2026-10-06T18:12:35-03:00
CIVINT/STIC,EXP000917,PGR-00032400/2026,DOCUMENTO,CIVINT-STIC-U08,Nelson Mock,2026-10-07T00:07:49-03:00
CIVINT/STIC,EXP002215,PGR-00051552/2026,DOCUMENTO,CIVINT-STIC-U08,Nelson Mock,2026-09-14T22:42:18-03:00
CIVINT/STIC,EXP001644,PGR-00033175/2026,DOCUMENTO,CIVINT-STIC-U07,Marina Maquete,2026-09-29T20:06:16-03:00
CIVINT/STIC,EXP001162,PGR-00082107/2026,DOCUMENTO,CIVINT-STIC-U08,Nelson Mock,2026-10-07T12:48:38-03:00
CIVINT/STIC,EXP000760,PGR-00097656/2026,DOCUMENTO,CIVINT-STIC-U01,Gabriela Simulada,2026-10-06T10:21:43-03:00
CIVINT/STIC,EXP000607,PGR-00020719/2026,DOCUMENTO,CIVINT-STIC-U08,Nelson Mock,2026-10-07T14:50:40-03:00
CIVINT/STIC,EXP000771,PGR-00090377/2026,DOCUMENTO,CIVINT-STIC-U03,Isabela Piloto,2026-10-05T22:07:27-03:00
CIVINT/STIC,EXP003038,PGR-00083326/2026,DOCUMENTO,CIVINT-STIC-U03,Isabela Piloto,2026-06-01T04:16:07-03:00
CIVINT/STIC,EXP000568,PGR-00025473/2026,DOCUMENTO,CIVINT-STIC-U06,Lucas Esboço,2026-10-06T05:21:48-03:00
CIVINT/STIC,EXP002969,PGR-00088560/2026,DOCUMENTO,CIVINT-STIC-U03,Isabela Piloto,2026-09-28T01:12:20-03:00
CIVINT/STIC,EXP002768,PGR-00030307/2026,DOCUMENTO,CIVINT-STIC-U02,Heitor Protótipo,2026-10-04T20:41:57-03:00
CIVINT/STIC,EXP002387,PGR-00013822/2026,DOCUMENTO,CIVINT-STIC-U04,João Rascunho,2026-09-25T04:37:46-03:00
CIVINT/STIC,EXP002767,PGR-00017271/2026,DOCUMENTO,CIVINT-STIC-U03,Isabela Piloto,2026-10-04T08:56:57-03:00
CIVINT/STIC,EXP002119,PGR-00022648/2026,DOCUMENTO,CIVINT-STIC-U04,João Rascunho,2026-10-04T17:02:17-03:00
CIVINT/STIC,EXP003016,PGR-00035032/2026,DOCUMENTO,CIVINT-STIC-U03,Isabela Piloto,2026-10-07T01:50:18-03:00
CIVINT/STIC,EXP002367,PGR-00099528/2026,DOCUMENTO,CIVINT-STIC-U02,Heitor Protótipo,2026-09-21T15:05:34-03:00
CIVINT/STIC,EXP001209,PGR-00059263/2026,DOCUMENTO,CIVINT-STIC-U07,Marina Maquete,2026-10-04T19:23:50-03:00
