idFiltro,idUsuario,siglaSetor,nome,criterios,ordenacao,padrao,compartilhadoComSetor,dataCriacao
FIL000001,GABSUB3-DVT-U01,GABSUB3-DVT,Integração de sistemas,"{""assunto"": [""Integração de sistemas""]}",dataPrazo:asc,true,true,2026-09-08T17:00:00-03:00
FIL000002,GABSUB3-DVT-U01,GABSUB3-DVT,Aguardando assinatura,"{""situacao"": [""AGUARDANDO_ASSINATURA""]}",dataChegada:asc,false,false,2026-07-28T17:00:00-03:00
FIL000003,GABSUB3-DVT-U01,GABSUB3-DVT,Urgentes judiciais,"{""gerenciador"": [""JUDICIAL""], ""urgente"": true}",pontuacaoPrioridade:desc,false,false,2026-07-10T17:00:00-03:00
FIL000004,GABSUB3-DVT-U02,GABSUB3-DVT,Meus designados,"{""idResponsavel"": ""GABSUB3-DVT-U02"", ""tipoResponsabilidade"": ""DESIGNADO""}",dataPrazo:asc,true,false,2026-07-13T17:00:00-03:00
FIL000005,GABSUB3-DVT-U02,GABSUB3-DVT,Urgentes judiciais,"{""gerenciador"": [""JUDICIAL""], ""urgente"": true}",pontuacaoPrioridade:desc,false,false,2026-07-09T17:00:00-03:00
FIL000006,GABSUB3-DVT-U03,GABSUB3-DVT,Urgentes judiciais,"{""gerenciador"": [""JUDICIAL""], ""urgente"": true}",pontuacaoPrioridade:desc,true,true,2026-09-21T17:00:00-03:00
FIL000007,GABSUB3-DVT-U03,GABSUB3-DVT,Parados há mais de 30 dias,"{""tempoParadoDiasMin"": 30}",tempoParadoDias:desc,false,false,2026-09-30T17:00:00-03:00
FIL000008,GABSUB3-DVT-U03,GABSUB3-DVT,Integração de sistemas,"{""assunto"": [""Integração de sistemas""]}",dataPrazo:asc,false,false,2026-07-11T17:00:00-03:00
FIL000009,GABSUB3-DVT-U04,GABSUB3-DVT,Vencidos e críticos,"{""statusPrazo"": [""VENCIDO"", ""VENCE_HOJE"", ""CRITICO""]}",dataPrazo:asc,true,true,2026-08-01T17:00:00-03:00
FIL000010,GABSUB3-DVT-U04,GABSUB3-DVT,Urgentes judiciais,"{""gerenciador"": [""JUDICIAL""], ""urgente"": true}",pontuacaoPrioridade:desc,false,false,2026-06-29T17:00:00-03:00
FIL000011,GABSUB3-DVT-U05,GABSUB3-DVT,Vencidos e críticos,"{""statusPrazo"": [""VENCIDO"", ""VENCE_HOJE"", ""CRITICO""]}",dataPrazo:asc,true,false,2026-08-26T17:00:00-03:00
FIL000012,GABSUB3-DVT-U05,GABSUB3-DVT,Meus designados,"{""idResponsavel"": ""GABSUB3-DVT-U05"", ""tipoResponsabilidade"": ""DESIGNADO""}",dataPrazo:asc,false,false,2026-08-22T17:00:00-03:00
FIL000013,GABSUB3-DVT-U06,GABSUB3-DVT,Novos nas últimas 24h,"{""novo"": true}",dataChegada:desc,true,false,2026-07-16T17:00:00-03:00
FIL000014,GABSUB3-DVT-U06,GABSUB3-DVT,Integração de sistemas,"{""assunto"": [""Integração de sistemas""]}",dataPrazo:asc,false,false,2026-06-13T17:00:00-03:00
FIL000015,CIVINT-STIC-U01,CIVINT/STIC,Vencidos e críticos,"{""statusPrazo"": [""VENCIDO"", ""VENCE_HOJE"", ""CRITICO""]}",dataPrazo:asc,true,true,2026-09-06T17:00:00-03:00
FIL000016,CIVINT-STIC-U01,CIVINT/STIC,Aguardando assinatura,"{""situacao"": [""AGUARDANDO_ASSINATURA""]}",dataChegada:asc,false,true,2026-09-25T17:00:00-03:00
FIL000017,CIVINT-STIC-U01,CIVINT/STIC,Parados há mais de 30 dias,"{""tempoParadoDiasMin"": 30}",tempoParadoDias:desc,false,false,2026-06-22T17:00:00-03:00
FIL000018,CIVINT-STIC-U02,CIVINT/STIC,Meus designados,"{""idResponsavel"": ""CIVINT-STIC-U02"", ""tipoResponsabilidade"": ""DESIGNADO""}",dataPrazo:asc,true,false,2026-09-19T17:00:00-03:00
FIL000019,CIVINT-STIC-U02,CIVINT/STIC,Aguardando assinatura,"{""situacao"": [""AGUARDANDO_ASSINATURA""]}",dataChegada:asc,false,false,2026-09-11T17:00:00-03:00
FIL000020,CIVINT-STIC-U03,CIVINT/STIC,Urgentes judiciais,"{""gerenciador"": [""JUDICIAL""], ""urgente"": true}",pontuacaoPrioridade:desc,true,false,2026-06-25T17:00:00-03:00
FIL000021,CIVINT-STIC-U03,CIVINT/STIC,Vencidos e críticos,"{""statusPrazo"": [""VENCIDO"", ""VENCE_HOJE"", ""CRITICO""]}",dataPrazo:asc,false,false,2026-06-09T17:00:00-03:00
FIL000022,CIVINT-STIC-U03,CIVINT/STIC,Novos nas últimas 24h,"{""novo"": true}",dataChegada:desc,false,false,2026-09-09T17:00:00-03:00
FIL000023,CIVINT-STIC-U04,CIVINT/STIC,Integração de sistemas,"{""assunto"": [""Integração de sistemas""]}",dataPrazo:asc,true,true,2026-09-13T17:00:00-03:00
FIL000024,CIVINT-STIC-U04,CIVINT/STIC,Aguardando assinatura,"{""situacao"": [""AGUARDANDO_ASSINATURA""]}",dataChegada:asc,false,false,2026-08-03T17:00:00-03:00
FIL000025,CIVINT-STIC-U05,CIVINT/STIC,Novos nas últimas 24h,"{""novo"": true}",dataChegada:desc,true,false,2026-07-07T17:00:00-03:00
FIL000026,CIVINT-STIC-U05,CIVINT/STIC,Meus designados,"{""idResponsavel"": ""CIVINT-STIC-U05"", ""tipoResponsabilidade"": ""DESIGNADO""}",dataPrazo:asc,false,true,2026-06-29T17:00:00-03:00
FIL000027,CIVINT-STIC-U06,CIVINT/STIC,Novos nas últimas 24h,"{""novo"": true}",dataChegada:desc,true,true,2026-06-16T17:00:00-03:00
FIL000028,CIVINT-STIC-U06,CIVINT/STIC,Parados há mais de 30 dias,"{""tempoParadoDiasMin"": 30}",tempoParadoDias:desc,false,false,2026-09-26T17:00:00-03:00
FIL000029,CIVINT-STIC-U07,CIVINT/STIC,Vencidos e críticos,"{""statusPrazo"": [""VENCIDO"", ""VENCE_HOJE"", ""CRITICO""]}",dataPrazo:asc,true,false,2026-08-05T17:00:00-03:00
FIL000030,CIVINT-STIC-U07,CIVINT/STIC,Meus designados,"{""idResponsavel"": ""CIVINT-STIC-U07"", ""tipoResponsabilidade"": ""DESIGNADO""}",dataPrazo:asc,false,false,2026-07-23T17:00:00-03:00
FIL000031,CIVINT-STIC-U08,CIVINT/STIC,Novos nas últimas 24h,"{""novo"": true}",dataChegada:desc,true,false,2026-06-18T17:00:00-03:00
FIL000032,CIVINT-STIC-U08,CIVINT/STIC,Parados há mais de 30 dias,"{""tempoParadoDiasMin"": 30}",tempoParadoDias:desc,false,true,2026-08-26T17:00:00-03:00
FIL000033,CIVINT-STIC-U08,CIVINT/STIC,Urgentes judiciais,"{""gerenciador"": [""JUDICIAL""], ""urgente"": true}",pontuacaoPrioridade:desc,false,false,2026-09-29T17:00:00-03:00
