idUsuario,nome,siglaSetor,perfil,cargo,email,ativo,dataUltimoAcesso
GABSUB3-DVT-U01,Ana Exemplo,GABSUB3-DVT,MEMBRO,Subprocurador(a)-Geral da República,usuario01@exemplo.org,true,2026-10-04T01:37:00-03:00
GABSUB3-DVT-U02,Bruno Teste,GABSUB3-DVT,CHEFE,Chefe de Gabinete,usuario02@exemplo.org,true,2026-10-07T01:43:00-03:00
GABSUB3-DVT-U03,Carla Modelo,GABSUB3-DVT,SERVIDOR,Assessor(a) Jurídico(a),usuario03@exemplo.org,true,2026-10-07T13:31:00-03:00
GABSUB3-DVT-U04,Diego Fictício,GABSUB3-DVT,SERVIDOR,Assessor(a) Jurídico(a),usuario04@exemplo.org,true,2026-10-03T11:41:00-03:00
GABSUB3-DVT-U05,Elisa Amostra,GABSUB3-DVT,SERVIDOR,Analista do MPU,usuario05@exemplo.org,true,2026-10-06T03:22:00-03:00
GABSUB3-DVT-U06,Fábio Demo,GABSUB3-DVT,SERVIDOR,Técnico(a) do MPU,usuario06@exemplo.org,true,2026-10-06T07:29:00-03:00
CIVINT-STIC-U01,Gabriela Simulada,CIVINT/STIC,CHEFE,Coordenador(a),usuario07@exemplo.org,true,2026-10-06T01:34:00-03:00
CIVINT-STIC-U02,Heitor Protótipo,CIVINT/STIC,SERVIDOR,Analista de TI,usuario08@exemplo.org,true,2026-10-04T14:07:00-03:00
CIVINT-STIC-U03,Isabela Piloto,CIVINT/STIC,SERVIDOR,Analista de TI,usuario09@exemplo.org,true,2026-10-05T00:43:00-03:00
CIVINT-STIC-U04,João Rascunho,CIVINT/STIC,SERVIDOR,Analista de TI,usuario10@exemplo.org,true,2026-10-05T07:08:00-03:00
CIVINT-STIC-U05,Karina Ensaio,CIVINT/STIC,SERVIDOR,Analista de TI,usuario11@exemplo.org,true,2026-10-06T18:00:00-03:00
CIVINT-STIC-U06,Lucas Esboço,CIVINT/STIC,SERVIDOR,Técnico(a) de TI,usuario12@exemplo.org,true,2026-10-06T08:40:00-03:00
CIVINT-STIC-U07,Marina Maquete,CIVINT/STIC,SERVIDOR,Técnico(a) de TI,usuario13@exemplo.org,true,2026-10-07T14:35:00-03:00
CIVINT-STIC-U08,Nelson Mock,CIVINT/STIC,SERVIDOR,Estagiário(a),usuario14@exemplo.org,true,2026-10-03T02:39:00-03:00
