dominio,codigo,descricao,ordem,cor
GERENCIADOR,JUDICIAL,Judicial,1,#6A1B9A
GERENCIADOR,DOCUMENTO,Documento,2,#2E7D32
GERENCIADOR,EXTRAJUDICIAL,Extrajudicial,3,#EF6C00
CAIXA,A_RECEBER,A receber,1,#607D8B
CAIXA,NO_SETOR,No setor,2,#607D8B
CAIXA,ENVIADO_NAO_RECEBIDO,Enviados não recebidos,3,#607D8B
CAIXA,BAIXADO,Baixados (histórico),4,#607D8B
STATUS_PRAZO,VENCIDO,Prazo vencido,1,#C62828
STATUS_PRAZO,VENCE_HOJE,Vence hoje,2,#E65100
STATUS_PRAZO,CRITICO,Vence em até 3 dias,3,#F9A825
STATUS_PRAZO,ATENCAO,Vence em até 7 dias,4,#FDD835
STATUS_PRAZO,NO_PRAZO,No prazo,5,#2E7D32
STATUS_PRAZO,CUMPRIDO,Cumprido no prazo,6,#546E7A
STATUS_PRAZO,CUMPRIDO_COM_ATRASO,Cumprido com atraso,7,#8D6E63
PRIORIDADE,CRITICA,Crítica,1,#C62828
PRIORIDADE,ALTA,Alta,2,#EF6C00
PRIORIDADE,MEDIA,Média,3,#F9A825
PRIORIDADE,BAIXA,Baixa,4,#2E7D32
SEVERIDADE,CRITICO,Crítico,1,#C62828
SEVERIDADE,ATENCAO,Atenção,2,#EF6C00
SEVERIDADE,INFO,Informativo,3,#1565C0
TIPO_MOVIMENTACAO,CADASTRO,Cadastro,1,#607D8B
TIPO_MOVIMENTACAO,ENVIO_AO_SETOR,Envio ao setor,2,#607D8B
TIPO_MOVIMENTACAO,RECEBIMENTO,Recebimento,3,#607D8B
TIPO_MOVIMENTACAO,DESIGNACAO,Designação,4,#607D8B
TIPO_MOVIMENTACAO,MARCADOR_INCLUIDO,Marcador incluído,5,#607D8B
TIPO_MOVIMENTACAO,ANOTACAO_INCLUIDA,Anotação incluída,6,#607D8B
TIPO_MOVIMENTACAO,MINUTA_CRIADA,Minuta criada,7,#607D8B
TIPO_MOVIMENTACAO,ASSINATURA,Assinatura,8,#607D8B
TIPO_MOVIMENTACAO,PRAZO_PRORROGADO,Prazo prorrogado,9,#607D8B
TIPO_MOVIMENTACAO,ENVIO_PELO_SETOR,Envio pelo setor,10,#607D8B
TIPO_MOVIMENTACAO,ARQUIVAMENTO,Arquivamento,11,#607D8B
TIPO_NOTIFICACAO,NOVO_EXPEDIENTE,Novo expediente,1,#607D8B
TIPO_NOTIFICACAO,NOVA_INTIMACAO,Nova intimação,2,#607D8B
TIPO_NOTIFICACAO,PRAZO_VENCIDO,Prazo vencido,3,#607D8B
TIPO_NOTIFICACAO,PRAZO_VENCE_HOJE,Prazo vence hoje,4,#607D8B
TIPO_NOTIFICACAO,PRAZO_PROXIMO,Prazo próximo,5,#607D8B
TIPO_NOTIFICACAO,DESIGNACAO,Designação,6,#607D8B
TIPO_NOTIFICACAO,DEVOLUCAO_VENCIDA,Devolução vencida,7,#607D8B
TIPO_NOTIFICACAO,ALTERACAO,Alteração,8,#607D8B
TIPO_NOTIFICACAO,ENVIO_PENDENTE,Envio pendente,9,#607D8B
TIPO_ACAO_LOTE,RECEBER,Receber,1,#607D8B
TIPO_ACAO_LOTE,DESIGNAR,Designar,2,#607D8B
TIPO_ACAO_LOTE,INCLUIR_MARCADOR,Incluir marcador,3,#607D8B
TIPO_ACAO_LOTE,MOVIMENTAR,Movimentar,4,#607D8B
TIPO_ACAO_LOTE,DAR_CIENCIA,Dar ciência,5,#607D8B
TIPO_ACAO_LOTE,ASSINAR,Assinar,6,#607D8B
TIPO_ACAO_LOTE,ARQUIVAR,Arquivar,7,#607D8B
TIPO_PRAZO,PROCESSUAL,Processual,1,#607D8B
TIPO_PRAZO,RESPOSTA,Resposta,2,#607D8B
TIPO_PRAZO,TRAMITACAO,Tramitação,3,#607D8B
SITUACAO,AGUARDANDO_ASSINATURA,Aguardando assinatura,1,#607D8B
SITUACAO,AGUARDANDO_CIENCIA,Aguardando ciência,2,#607D8B
SITUACAO,AGUARDANDO_RECEBIMENTO,Aguardando recebimento,3,#607D8B
SITUACAO,AGUARDANDO_RESPOSTA_EXTERNA,Aguardando resposta externa,4,#607D8B
SITUACAO,CONCLUIDO_ARQUIVADO,Concluído (arquivado),5,#607D8B
SITUACAO,CONCLUIDO_ENVIADO,Concluído (enviado),6,#607D8B
SITUACAO,EM_ANALISE,Em análise,7,#607D8B
SITUACAO,EM_DILIGENCIA,Em diligência,8,#607D8B
SITUACAO,ENVIADO,Enviado,9,#607D8B
SITUACAO,MINUTA_EM_ELABORACAO,Minuta em elaboração,10,#607D8B
SITUACAO,PRONTO_PARA_ENVIO,Pronto para envio,11,#607D8B
CLASSE_JUDICIAL,RESP,Recurso Especial,1,#607D8B
CLASSE_JUDICIAL,ARESP,Agravo em Recurso Especial,2,#607D8B
CLASSE_JUDICIAL,HC,Habeas Corpus,3,#607D8B
CLASSE_JUDICIAL,RHC,Recurso em Habeas Corpus,4,#607D8B
CLASSE_JUDICIAL,AGINT,Agravo Interno,5,#607D8B
CLASSE_JUDICIAL,EDCL,Embargos de Declaração,6,#607D8B
CLASSE_JUDICIAL,MS,Mandado de Segurança,7,#607D8B
CLASSE_JUDICIAL,CC,Conflito de Competência,8,#607D8B
CLASSE_JUDICIAL,APN,Ação Penal,9,#607D8B
ASSUNTO_JUDICIAL,A01,Tráfico de drogas,1,#607D8B
ASSUNTO_JUDICIAL,A02,Crimes contra a administração pública,2,#607D8B
ASSUNTO_JUDICIAL,A03,Lavagem de dinheiro,3,#607D8B
ASSUNTO_JUDICIAL,A04,Execução penal,4,#607D8B
ASSUNTO_JUDICIAL,A05,Improbidade administrativa,5,#607D8B
ASSUNTO_JUDICIAL,A06,Benefício previdenciário,6,#607D8B
ASSUNTO_JUDICIAL,A07,Tributos federais,7,#607D8B
ASSUNTO_JUDICIAL,A08,Dano moral,8,#607D8B
ASSUNTO_JUDICIAL,A09,Contrato bancário,9,#607D8B
TEMA_JUDICIAL,T01,Administrativo,1,#607D8B
TEMA_JUDICIAL,T02,Consumidor,2,#607D8B
TEMA_JUDICIAL,T03,Criminal,3,#607D8B
TEMA_JUDICIAL,T04,Cível,4,#607D8B
TEMA_JUDICIAL,T05,Previdenciário,5,#607D8B
TEMA_JUDICIAL,T06,Tributário,6,#607D8B
CLASSE_DOCUMENTO,OFICIO,Ofício,1,#607D8B
CLASSE_DOCUMENTO,MEMORANDO,Memorando,2,#607D8B
CLASSE_DOCUMENTO,DESPACHO,Despacho,3,#607D8B
CLASSE_DOCUMENTO,INFORMACAO,Informação,4,#607D8B
CLASSE_DOCUMENTO,NOTA_TECNICA,Nota Técnica,5,#607D8B
CLASSE_DOCUMENTO,REQUERIMENTO,Requerimento,6,#607D8B
CLASSE_DOCUMENTO,ANEXO,Anexo,7,#607D8B
ASSUNTO_DOCUMENTO,A01,Solicitação de informações,1,#607D8B
ASSUNTO_DOCUMENTO,A02,Integração de sistemas,2,#607D8B
ASSUNTO_DOCUMENTO,A03,Acesso a dados,3,#607D8B
ASSUNTO_DOCUMENTO,A04,Contratação de solução de TI,4,#607D8B
ASSUNTO_DOCUMENTO,A05,Pedido de providências,5,#607D8B
ASSUNTO_DOCUMENTO,A06,Relatório de atividades,6,#607D8B
ASSUNTO_DOCUMENTO,A07,Consulta jurídica,7,#607D8B
ASSUNTO_DOCUMENTO,A08,Lotação de servidores,8,#607D8B
ASSUNTO_DOCUMENTO,A09,Encaminhamento de documentação,9,#607D8B
TEMA_DOCUMENTO,T01,Administrativa,1,#607D8B
TEMA_DOCUMENTO,T02,Gestão de Pessoas,2,#607D8B
TEMA_DOCUMENTO,T03,Institucional,3,#607D8B
TEMA_DOCUMENTO,T04,Orçamento e Finanças,4,#607D8B
TEMA_DOCUMENTO,T05,Tecnologia da Informação,5,#607D8B
CLASSE_EXTRAJUDICIAL,NF,Notícia de Fato,1,#607D8B
CLASSE_EXTRAJUDICIAL,PP,Procedimento Preparatório,2,#607D8B
CLASSE_EXTRAJUDICIAL,IC,Inquérito Civil,3,#607D8B
CLASSE_EXTRAJUDICIAL,PA,Procedimento Administrativo,4,#607D8B
CLASSE_EXTRAJUDICIAL,PIC,Procedimento Investigatório Criminal,5,#607D8B
ASSUNTO_EXTRAJUDICIAL,A01,Saúde pública,1,#607D8B
ASSUNTO_EXTRAJUDICIAL,A02,Educação,2,#607D8B
ASSUNTO_EXTRAJUDICIAL,A03,Licitações e contratos,3,#607D8B
ASSUNTO_EXTRAJUDICIAL,A04,Patrimônio público,4,#607D8B
ASSUNTO_EXTRAJUDICIAL,A05,Desmatamento,5,#607D8B
ASSUNTO_EXTRAJUDICIAL,A06,Acessibilidade,6,#607D8B
ASSUNTO_EXTRAJUDICIAL,A07,Direito do consumidor,7,#607D8B
ASSUNTO_EXTRAJUDICIAL,A08,Crime de fronteira,8,#607D8B
TEMA_EXTRAJUDICIAL,T01,1ª CCR - Direitos Sociais,1,#607D8B
TEMA_EXTRAJUDICIAL,T02,2ª CCR - Criminal,2,#607D8B
TEMA_EXTRAJUDICIAL,T03,3ª CCR - Consumidor e Ordem Econômica,3,#607D8B
TEMA_EXTRAJUDICIAL,T04,4ª CCR - Meio Ambiente,4,#607D8B
TEMA_EXTRAJUDICIAL,T05,5ª CCR - Combate à Corrupção,5,#607D8B
TEMA_EXTRAJUDICIAL,T06,PFDC - Direitos do Cidadão,6,#607D8B
