data,siglaSetor,gerenciador,entradas,recebimentos,saidas,aReceber,noSetor,vencidos
2026-07-10,GABSUB3-DVT,DOCUMENTO,4,5,0,2,56,7
2026-07-11,GABSUB3-DVT,DOCUMENTO,0,1,1,1,56,6
2026-07-12,GABSUB3-DVT,DOCUMENTO,0,1,1,0,56,5
2026-07-13,GABSUB3-DVT,DOCUMENTO,3,0,2,3,54,8
2026-07-14,GABSUB3-DVT,DOCUMENTO,2,4,0,1,58,8
2026-07-15,GABSUB3-DVT,DOCUMENTO,3,1,1,3,58,7
2026-07-16,GABSUB3-DVT,DOCUMENTO,2,3,0,2,61,8
2026-07-17,GABSUB3-DVT,DOCUMENTO,4,3,0,3,64,9
2026-07-18,GABSUB3-DVT,DOCUMENTO,3,3,2,3,65,9
2026-07-19,GABSUB3-DVT,DOCUMENTO,3,4,1,2,68,8
2026-07-20,GABSUB3-DVT,DOCUMENTO,0,2,0,0,70,10
2026-07-21,GABSUB3-DVT,DOCUMENTO,3,1,1,2,70,11
2026-07-22,GABSUB3-DVT,DOCUMENTO,1,1,4,2,67,10
2026-07-23,GABSUB3-DVT,DOCUMENTO,1,2,0,1,69,11
2026-07-24,GABSUB3-DVT,DOCUMENTO,3,2,4,2,67,10
2026-07-25,GABSUB3-DVT,DOCUMENTO,3,3,0,2,70,11
2026-07-26,GABSUB3-DVT,DOCUMENTO,3,2,0,3,72,11
2026-07-27,GABSUB3-DVT,DOCUMENTO,2,1,0,4,73,11
2026-07-28,GABSUB3-DVT,DOCUMENTO,0,2,1,2,74,11
2026-07-29,GABSUB3-DVT,DOCUMENTO,1,2,3,1,73,10
2026-07-30,GABSUB3-DVT,DOCUMENTO,2,1,3,2,71,9
2026-07-31,GABSUB3-DVT,DOCUMENTO,3,2,0,3,73,9
2026-08-01,GABSUB3-DVT,DOCUMENTO,2,4,1,1,76,9
2026-08-02,GABSUB3-DVT,DOCUMENTO,4,3,2,2,77,10
2026-08-03,GABSUB3-DVT,DOCUMENTO,4,3,2,3,78,8
2026-08-04,GABSUB3-DVT,DOCUMENTO,2,2,0,3,80,8
2026-08-05,GABSUB3-DVT,DOCUMENTO,5,3,0,5,83,10
2026-08-06,GABSUB3-DVT,DOCUMENTO,2,4,2,3,85,11
2026-08-07,GABSUB3-DVT,DOCUMENTO,1,2,1,2,86,13
2026-08-08,GABSUB3-DVT,DOCUMENTO,1,2,4,1,84,11
2026-08-09,GABSUB3-DVT,DOCUMENTO,1,1,1,1,84,10
2026-08-10,GABSUB3-DVT,DOCUMENTO,7,2,1,6,85,10
2026-08-11,GABSUB3-DVT,DOCUMENTO,2,5,1,3,89,9
2026-08-12,GABSUB3-DVT,DOCUMENTO,3,3,1,3,91,9
2026-08-13,GABSUB3-DVT,DOCUMENTO,2,3,1,2,93,10
2026-08-14,GABSUB3-DVT,DOCUMENTO,3,3,0,2,96,10
2026-08-15,GABSUB3-DVT,DOCUMENTO,3,2,2,3,96,9
2026-08-16,GABSUB3-DVT,DOCUMENTO,4,3,1,4,98,9
2026-08-17,GABSUB3-DVT,DOCUMENTO,4,3,1,5,100,11
2026-08-18,GABSUB3-DVT,DOCUMENTO,2,3,2,4,101,10
2026-08-19,GABSUB3-DVT,DOCUMENTO,1,4,1,1,104,10
2026-08-20,GABSUB3-DVT,DOCUMENTO,3,2,1,2,105,10
2026-08-21,GABSUB3-DVT,DOCUMENTO,3,0,1,5,104,9
2026-08-22,GABSUB3-DVT,DOCUMENTO,6,6,3,5,107,9
2026-08-23,GABSUB3-DVT,DOCUMENTO,4,3,2,6,108,8
2026-08-24,GABSUB3-DVT,DOCUMENTO,5,6,0,5,114,8
2026-08-25,GABSUB3-DVT,DOCUMENTO,4,3,1,6,116,9
2026-08-26,GABSUB3-DVT,DOCUMENTO,1,6,2,1,120,7
2026-08-27,GABSUB3-DVT,DOCUMENTO,4,3,1,2,122,8
2026-08-28,GABSUB3-DVT,DOCUMENTO,6,5,1,3,126,8
2026-08-29,GABSUB3-DVT,DOCUMENTO,4,3,0,4,129,9
2026-08-30,GABSUB3-DVT,DOCUMENTO,9,5,2,8,132,8
2026-08-31,GABSUB3-DVT,DOCUMENTO,6,8,0,6,140,9
2026-09-01,GABSUB3-DVT,DOCUMENTO,7,7,0,6,147,9
2026-09-02,GABSUB3-DVT,DOCUMENTO,4,5,0,5,152,9
2026-09-03,GABSUB3-DVT,DOCUMENTO,5,3,1,7,154,11
2026-09-04,GABSUB3-DVT,DOCUMENTO,4,8,1,3,161,10
2026-09-05,GABSUB3-DVT,DOCUMENTO,5,2,0,6,163,12
2026-09-06,GABSUB3-DVT,DOCUMENTO,2,7,1,1,169,12
2026-09-07,GABSUB3-DVT,DOCUMENTO,5,3,1,3,171,12
2026-09-08,GABSUB3-DVT,DOCUMENTO,5,4,2,4,173,14
2026-09-09,GABSUB3-DVT,DOCUMENTO,10,6,1,8,178,16
2026-09-10,GABSUB3-DVT,DOCUMENTO,4,5,0,7,183,19
2026-09-11,GABSUB3-DVT,DOCUMENTO,7,8,1,6,190,19
2026-09-12,GABSUB3-DVT,DOCUMENTO,5,5,1,6,194,20
2026-09-13,GABSUB3-DVT,DOCUMENTO,7,5,0,8,199,22
2026-09-14,GABSUB3-DVT,DOCUMENTO,7,6,1,9,204,22
2026-09-15,GABSUB3-DVT,DOCUMENTO,9,8,0,10,212,23
2026-09-16,GABSUB3-DVT,DOCUMENTO,10,11,2,9,221,25
2026-09-17,GABSUB3-DVT,DOCUMENTO,7,8,1,8,228,26
2026-09-18,GABSUB3-DVT,DOCUMENTO,5,8,2,5,234,28
2026-09-19,GABSUB3-DVT,DOCUMENTO,7,7,0,5,241,31
2026-09-20,GABSUB3-DVT,DOCUMENTO,10,3,4,12,240,29
2026-09-21,GABSUB3-DVT,DOCUMENTO,8,13,1,7,252,30
2026-09-22,GABSUB3-DVT,DOCUMENTO,8,9,1,6,260,33
2026-09-23,GABSUB3-DVT,DOCUMENTO,8,7,3,7,264,35
2026-09-24,GABSUB3-DVT,DOCUMENTO,12,11,1,8,274,34
2026-09-25,GABSUB3-DVT,DOCUMENTO,6,4,1,10,277,33
2026-09-26,GABSUB3-DVT,DOCUMENTO,3,7,0,6,284,34
2026-09-27,GABSUB3-DVT,DOCUMENTO,7,9,1,4,292,37
2026-09-28,GABSUB3-DVT,DOCUMENTO,7,4,1,7,295,40
2026-09-29,GABSUB3-DVT,DOCUMENTO,13,10,1,10,304,42
2026-09-30,GABSUB3-DVT,DOCUMENTO,9,9,4,10,309,40
2026-10-01,GABSUB3-DVT,DOCUMENTO,12,9,1,13,317,42
2026-10-02,GABSUB3-DVT,DOCUMENTO,5,11,0,7,328,43
2026-10-03,GABSUB3-DVT,DOCUMENTO,10,5,2,12,331,44
2026-10-04,GABSUB3-DVT,DOCUMENTO,6,11,2,7,340,49
2026-10-05,GABSUB3-DVT,DOCUMENTO,12,7,1,12,346,51
2026-10-06,GABSUB3-DVT,DOCUMENTO,7,10,3,9,353,51
2026-10-07,GABSUB3-DVT,DOCUMENTO,0,7,10,2,350,46
2026-07-10,GABSUB3-DVT,JUDICIAL,0,0,0,0,9,0
2026-07-11,GABSUB3-DVT,JUDICIAL,0,0,0,0,9,0
2026-07-12,GABSUB3-DVT,JUDICIAL,0,0,0,0,9,0
2026-07-13,GABSUB3-DVT,JUDICIAL,1,0,0,1,9,0
2026-07-14,GABSUB3-DVT,JUDICIAL,0,0,0,1,9,0
2026-07-15,GABSUB3-DVT,JUDICIAL,0,1,1,0,9,1
2026-07-16,GABSUB3-DVT,JUDICIAL,1,0,0,1,9,2
2026-07-17,GABSUB3-DVT,JUDICIAL,1,0,0,2,9,2
2026-07-18,GABSUB3-DVT,JUDICIAL,1,1,0,2,10,3
2026-07-19,GABSUB3-DVT,JUDICIAL,0,1,1,1,10,3
2026-07-20,GABSUB3-DVT,JUDICIAL,1,2,0,0,12,3
2026-07-21,GABSUB3-DVT,JUDICIAL,1,1,0,0,13,3
2026-07-22,GABSUB3-DVT,JUDICIAL,1,0,0,1,13,3
2026-07-23,GABSUB3-DVT,JUDICIAL,0,1,1,0,13,3
2026-07-24,GABSUB3-DVT,JUDICIAL,0,0,1,0,12,2
2026-07-25,GABSUB3-DVT,JUDICIAL,0,0,0,0,12,3
2026-07-26,GABSUB3-DVT,JUDICIAL,0,0,0,0,12,3
2026-07-27,GABSUB3-DVT,JUDICIAL,1,0,0,1,12,3
2026-07-28,GABSUB3-DVT,JUDICIAL,0,0,0,1,12,3
2026-07-29,GABSUB3-DVT,JUDICIAL,0,1,1,0,12,2
2026-07-30,GABSUB3-DVT,JUDICIAL,0,0,0,0,12,3
2026-07-31,GABSUB3-DVT,JUDICIAL,0,0,1,0,11,3
2026-08-01,GABSUB3-DVT,JUDICIAL,3,1,1,2,11,2
2026-08-02,GABSUB3-DVT,JUDICIAL,0,2,0,0,13,2
2026-08-03,GABSUB3-DVT,JUDICIAL,0,0,0,0,13,2
2026-08-04,GABSUB3-DVT,JUDICIAL,1,0,0,1,13,3
2026-08-05,GABSUB3-DVT,JUDICIAL,1,1,1,1,13,3
2026-08-06,GABSUB3-DVT,JUDICIAL,1,1,0,1,14,3
2026-08-07,GABSUB3-DVT,JUDICIAL,0,1,0,0,15,3
2026-08-08,GABSUB3-DVT,JUDICIAL,0,0,1,0,14,3
2026-08-09,GABSUB3-DVT,JUDICIAL,0,0,2,0,12,2
2026-08-10,GABSUB3-DVT,JUDICIAL,0,0,0,0,12,2
2026-08-11,GABSUB3-DVT,JUDICIAL,2,1,0,1,13,2
2026-08-12,GABSUB3-DVT,JUDICIAL,1,1,0,1,14,2
2026-08-13,GABSUB3-DVT,JUDICIAL,0,1,0,0,15,2
2026-08-14,GABSUB3-DVT,JUDICIAL,0,0,0,0,15,2
2026-08-15,GABSUB3-DVT,JUDICIAL,0,0,0,0,15,2
2026-08-16,GABSUB3-DVT,JUDICIAL,0,0,0,0,15,2
2026-08-17,GABSUB3-DVT,JUDICIAL,0,0,0,0,15,2
2026-08-18,GABSUB3-DVT,JUDICIAL,0,0,0,0,15,2
2026-08-19,GABSUB3-DVT,JUDICIAL,1,0,1,1,14,1
2026-08-20,GABSUB3-DVT,JUDICIAL,0,0,0,1,14,1
2026-08-21,GABSUB3-DVT,JUDICIAL,0,1,0,0,15,1
2026-08-22,GABSUB3-DVT,JUDICIAL,1,0,0,1,15,1
2026-08-23,GABSUB3-DVT,JUDICIAL,0,1,0,0,16,1
2026-08-24,GABSUB3-DVT,JUDICIAL,0,0,0,0,16,1
2026-08-25,GABSUB3-DVT,JUDICIAL,0,0,0,0,16,1
2026-08-26,GABSUB3-DVT,JUDICIAL,2,1,1,1,16,0
2026-08-27,GABSUB3-DVT,JUDICIAL,0,1,0,0,17,0
2026-08-28,GABSUB3-DVT,JUDICIAL,0,0,0,0,17,1
2026-08-29,GABSUB3-DVT,JUDICIAL,0,0,0,0,17,1
2026-08-30,GABSUB3-DVT,JUDICIAL,0,0,0,0,17,1
2026-08-31,GABSUB3-DVT,JUDICIAL,0,0,0,0,17,1
2026-09-01,GABSUB3-DVT,JUDICIAL,1,1,0,0,18,1
2026-09-02,GABSUB3-DVT,JUDICIAL,0,0,0,0,18,2
2026-09-03,GABSUB3-DVT,JUDICIAL,0,0,0,0,18,2
2026-09-04,GABSUB3-DVT,JUDICIAL,0,0,0,0,18,2
2026-09-05,GABSUB3-DVT,JUDICIAL,1,1,1,0,18,2
2026-09-06,GABSUB3-DVT,JUDICIAL,2,1,0,1,19,2
2026-09-07,GABSUB3-DVT,JUDICIAL,0,1,0,0,20,2
2026-09-08,GABSUB3-DVT,JUDICIAL,0,0,0,0,20,2
2026-09-09,GABSUB3-DVT,JUDICIAL,0,0,0,0,20,2
2026-09-10,GABSUB3-DVT,JUDICIAL,0,0,0,0,20,2
2026-09-11,GABSUB3-DVT,JUDICIAL,0,0,1,0,19,2
2026-09-12,GABSUB3-DVT,JUDICIAL,1,0,0,1,19,2
2026-09-13,GABSUB3-DVT,JUDICIAL,1,1,0,1,20,2
2026-09-14,GABSUB3-DVT,JUDICIAL,2,0,0,3,20,2
2026-09-15,GABSUB3-DVT,JUDICIAL,0,2,0,1,22,2
2026-09-16,GABSUB3-DVT,JUDICIAL,0,1,0,0,23,3
2026-09-17,GABSUB3-DVT,JUDICIAL,2,0,0,2,23,3
2026-09-18,GABSUB3-DVT,JUDICIAL,1,1,0,2,24,3
2026-09-19,GABSUB3-DVT,JUDICIAL,0,1,0,1,25,3
2026-09-20,GABSUB3-DVT,JUDICIAL,2,2,1,1,26,2
2026-09-21,GABSUB3-DVT,JUDICIAL,3,1,0,3,27,2
2026-09-22,GABSUB3-DVT,JUDICIAL,4,2,1,5,28,2
2026-09-23,GABSUB3-DVT,JUDICIAL,1,5,0,1,33,2
2026-09-24,GABSUB3-DVT,JUDICIAL,0,1,0,0,34,2
2026-09-25,GABSUB3-DVT,JUDICIAL,0,0,0,0,34,2
2026-09-26,GABSUB3-DVT,JUDICIAL,1,1,0,0,35,2
2026-09-27,GABSUB3-DVT,JUDICIAL,1,0,0,1,35,2
2026-09-28,GABSUB3-DVT,JUDICIAL,3,0,0,4,35,2
2026-09-29,GABSUB3-DVT,JUDICIAL,5,0,0,9,35,2
2026-09-30,GABSUB3-DVT,JUDICIAL,3,2,1,10,36,2
2026-10-01,GABSUB3-DVT,JUDICIAL,1,2,0,9,38,3
2026-10-02,GABSUB3-DVT,JUDICIAL,2,0,0,11,38,3
2026-10-03,GABSUB3-DVT,JUDICIAL,2,0,0,13,38,3
2026-10-04,GABSUB3-DVT,JUDICIAL,0,1,0,12,39,4
2026-10-05,GABSUB3-DVT,JUDICIAL,2,1,0,13,40,4
2026-10-06,GABSUB3-DVT,JUDICIAL,3,0,0,16,40,5
2026-10-07,GABSUB3-DVT,JUDICIAL,1,0,2,17,38,4
2026-07-10,GABSUB3-DVT,EXTRAJUDICIAL,0,0,0,0,0,0
2026-07-11,GABSUB3-DVT,EXTRAJUDICIAL,0,0,0,0,0,0
2026-07-12,GABSUB3-DVT,EXTRAJUDICIAL,0,0,0,0,0,0
2026-07-13,GABSUB3-DVT,EXTRAJUDICIAL,0,0,0,0,0,0
2026-07-14,GABSUB3-DVT,EXTRAJUDICIAL,0,0,0,0,0,0
2026-07-15,GABSUB3-DVT,EXTRAJUDICIAL,0,0,0,0,0,0
2026-07-16,GABSUB3-DVT,EXTRAJUDICIAL,0,0,0,0,0,0
2026-07-17,GABSUB3-DVT,EXTRAJUDICIAL,0,0,0,0,0,0
2026-07-18,GABSUB3-DVT,EXTRAJUDICIAL,0,0,0,0,0,0
2026-07-19,GABSUB3-DVT,EXTRAJUDICIAL,0,0,0,0,0,0
2026-07-20,GABSUB3-DVT,EXTRAJUDICIAL,0,0,0,0,0,0
2026-07-21,GABSUB3-DVT,EXTRAJUDICIAL,0,0,0,0,0,0
2026-07-22,GABSUB3-DVT,EXTRAJUDICIAL,0,0,0,0,0,0
2026-07-23,GABSUB3-DVT,EXTRAJUDICIAL,0,0,0,0,0,0
2026-07-24,GABSUB3-DVT,EXTRAJUDICIAL,0,0,0,0,0,0
2026-07-25,GABSUB3-DVT,EXTRAJUDICIAL,0,0,0,0,0,0
2026-07-26,GABSUB3-DVT,EXTRAJUDICIAL,0,0,0,0,0,0
2026-07-27,GABSUB3-DVT,EXTRAJUDICIAL,0,0,0,0,0,0
2026-07-28,GABSUB3-DVT,EXTRAJUDICIAL,0,0,0,0,0,0
2026-07-29,GABSUB3-DVT,EXTRAJUDICIAL,0,0,0,0,0,0
2026-07-30,GABSUB3-DVT,EXTRAJUDICIAL,0,0,0,0,0,0
2026-07-31,GABSUB3-DVT,EXTRAJUDICIAL,0,0,0,0,0,0
2026-08-01,GABSUB3-DVT,EXTRAJUDICIAL,0,0,0,0,0,0
2026-08-02,GABSUB3-DVT,EXTRAJUDICIAL,0,0,0,0,0,0
2026-08-03,GABSUB3-DVT,EXTRAJUDICIAL,0,0,0,0,0,0
2026-08-04,GABSUB3-DVT,EXTRAJUDICIAL,0,0,0,0,0,0
2026-08-05,GABSUB3-DVT,EXTRAJUDICIAL,0,0,0,0,0,0
2026-08-06,GABSUB3-DVT,EXTRAJUDICIAL,0,0,0,0,0,0
2026-08-07,GABSUB3-DVT,EXTRAJUDICIAL,0,0,0,0,0,0
2026-08-08,GABSUB3-DVT,EXTRAJUDICIAL,0,0,0,0,0,0
2026-08-09,GABSUB3-DVT,EXTRAJUDICIAL,0,0,0,0,0,0
2026-08-10,GABSUB3-DVT,EXTRAJUDICIAL,0,0,0,0,0,0
2026-08-11,GABSUB3-DVT,EXTRAJUDICIAL,0,0,0,0,0,0
2026-08-12,GABSUB3-DVT,EXTRAJUDICIAL,0,0,0,0,0,0
2026-08-13,GABSUB3-DVT,EXTRAJUDICIAL,0,0,0,0,0,0
2026-08-14,GABSUB3-DVT,EXTRAJUDICIAL,0,0,0,0,0,0
2026-08-15,GABSUB3-DVT,EXTRAJUDICIAL,0,0,0,0,0,0
2026-08-16,GABSUB3-DVT,EXTRAJUDICIAL,0,0,0,0,0,0
2026-08-17,GABSUB3-DVT,EXTRAJUDICIAL,1,0,0,1,0,0
2026-08-18,GABSUB3-DVT,EXTRAJUDICIAL,0,0,0,1,0,0
2026-08-19,GABSUB3-DVT,EXTRAJUDICIAL,0,1,0,0,1,0
2026-08-20,GABSUB3-DVT,EXTRAJUDICIAL,0,0,0,0,1,0
2026-08-21,GABSUB3-DVT,EXTRAJUDICIAL,0,0,0,0,1,0
2026-08-22,GABSUB3-DVT,EXTRAJUDICIAL,0,0,0,0,1,0
2026-08-23,GABSUB3-DVT,EXTRAJUDICIAL,1,0,0,1,1,0
2026-08-24,GABSUB3-DVT,EXTRAJUDICIAL,0,1,0,0,2,0
2026-08-25,GABSUB3-DVT,EXTRAJUDICIAL,0,0,0,0,2,0
2026-08-26,GABSUB3-DVT,EXTRAJUDICIAL,0,0,0,0,2,0
2026-08-27,GABSUB3-DVT,EXTRAJUDICIAL,0,0,0,0,2,0
2026-08-28,GABSUB3-DVT,EXTRAJUDICIAL,0,0,0,0,2,0
2026-08-29,GABSUB3-DVT,EXTRAJUDICIAL,0,0,0,0,2,0
2026-08-30,GABSUB3-DVT,EXTRAJUDICIAL,0,0,0,0,2,0
2026-08-31,GABSUB3-DVT,EXTRAJUDICIAL,0,0,0,0,2,0
2026-09-01,GABSUB3-DVT,EXTRAJUDICIAL,0,0,0,0,2,0
2026-09-02,GABSUB3-DVT,EXTRAJUDICIAL,0,0,0,0,2,0
2026-09-03,GABSUB3-DVT,EXTRAJUDICIAL,0,0,0,0,2,0
2026-09-04,GABSUB3-DVT,EXTRAJUDICIAL,0,0,0,0,2,0
2026-09-05,GABSUB3-DVT,EXTRAJUDICIAL,0,0,0,0,2,0
2026-09-06,GABSUB3-DVT,EXTRAJUDICIAL,0,0,0,0,2,0
2026-09-07,GABSUB3-DVT,EXTRAJUDICIAL,0,0,0,0,2,0
2026-09-08,GABSUB3-DVT,EXTRAJUDICIAL,0,0,0,0,2,0
2026-09-09,GABSUB3-DVT,EXTRAJUDICIAL,0,0,0,0,2,0
2026-09-10,GABSUB3-DVT,EXTRAJUDICIAL,0,0,0,0,2,0
2026-09-11,GABSUB3-DVT,EXTRAJUDICIAL,0,0,0,0,2,0
2026-09-12,GABSUB3-DVT,EXTRAJUDICIAL,0,0,0,0,2,0
2026-09-13,GABSUB3-DVT,EXTRAJUDICIAL,0,0,0,0,2,0
2026-09-14,GABSUB3-DVT,EXTRAJUDICIAL,0,0,0,0,2,0
2026-09-15,GABSUB3-DVT,EXTRAJUDICIAL,0,0,0,0,2,0
2026-09-16,GABSUB3-DVT,EXTRAJUDICIAL,0,0,1,0,1,0
2026-09-17,GABSUB3-DVT,EXTRAJUDICIAL,0,0,0,0,1,0
2026-09-18,GABSUB3-DVT,EXTRAJUDICIAL,0,0,0,0,1,0
2026-09-19,GABSUB3-DVT,EXTRAJUDICIAL,0,0,0,0,1,0
2026-09-20,GABSUB3-DVT,EXTRAJUDICIAL,0,0,0,0,1,0
2026-09-21,GABSUB3-DVT,EXTRAJUDICIAL,0,0,0,0,1,0
2026-09-22,GABSUB3-DVT,EXTRAJUDICIAL,0,0,0,0,1,0
2026-09-23,GABSUB3-DVT,EXTRAJUDICIAL,0,0,0,0,1,0
2026-09-24,GABSUB3-DVT,EXTRAJUDICIAL,0,0,0,0,1,0
2026-09-25,GABSUB3-DVT,EXTRAJUDICIAL,0,0,0,0,1,0
2026-09-26,GABSUB3-DVT,EXTRAJUDICIAL,0,0,0,0,1,0
2026-09-27,GABSUB3-DVT,EXTRAJUDICIAL,1,0,0,1,1,0
2026-09-28,GABSUB3-DVT,EXTRAJUDICIAL,0,0,0,1,1,0
2026-09-29,GABSUB3-DVT,EXTRAJUDICIAL,0,0,0,1,1,0
2026-09-30,GABSUB3-DVT,EXTRAJUDICIAL,0,0,0,1,1,0
2026-10-01,GABSUB3-DVT,EXTRAJUDICIAL,0,0,0,1,1,0
2026-10-02,GABSUB3-DVT,EXTRAJUDICIAL,0,0,0,1,1,0
2026-10-03,GABSUB3-DVT,EXTRAJUDICIAL,0,0,0,1,1,0
2026-10-04,GABSUB3-DVT,EXTRAJUDICIAL,0,0,0,1,1,0
2026-10-05,GABSUB3-DVT,EXTRAJUDICIAL,0,0,0,1,1,0
2026-10-06,GABSUB3-DVT,EXTRAJUDICIAL,0,0,0,1,1,0
2026-10-07,GABSUB3-DVT,EXTRAJUDICIAL,0,0,0,1,1,0
2026-07-10,CIVINT/STIC,DOCUMENTO,10,13,6,11,313,29
2026-07-11,CIVINT/STIC,DOCUMENTO,7,10,3,8,320,34
2026-07-12,CIVINT/STIC,DOCUMENTO,15,8,10,15,318,35
2026-07-13,CIVINT/STIC,DOCUMENTO,10,14,7,11,325,36
2026-07-14,CIVINT/STIC,DOCUMENTO,20,16,3,15,338,38
2026-07-15,CIVINT/STIC,DOCUMENTO,16,12,3,19,347,38
2026-07-16,CIVINT/STIC,DOCUMENTO,16,16,7,19,356,33
2026-07-17,CIVINT/STIC,DOCUMENTO,11,18,7,12,367,37
2026-07-18,CIVINT/STIC,DOCUMENTO,10,14,7,8,374,43
2026-07-19,CIVINT/STIC,DOCUMENTO,17,11,9,14,376,42
2026-07-20,CIVINT/STIC,DOCUMENTO,14,11,7,17,380,42
2026-07-21,CIVINT/STIC,DOCUMENTO,18,16,6,19,390,42
2026-07-22,CIVINT/STIC,DOCUMENTO,13,10,8,22,392,42
2026-07-23,CIVINT/STIC,DOCUMENTO,20,23,6,19,409,47
2026-07-24,CIVINT/STIC,DOCUMENTO,15,15,9,19,415,48
2026-07-25,CIVINT/STIC,DOCUMENTO,15,17,6,17,426,46
2026-07-26,CIVINT/STIC,DOCUMENTO,13,19,3,11,442,51
2026-07-27,CIVINT/STIC,DOCUMENTO,16,13,5,14,450,53
2026-07-28,CIVINT/STIC,DOCUMENTO,10,11,12,13,449,51
2026-07-29,CIVINT/STIC,DOCUMENTO,18,14,5,17,458,49
2026-07-30,CIVINT/STIC,DOCUMENTO,15,18,8,14,468,50
2026-07-31,CIVINT/STIC,DOCUMENTO,16,14,10,16,472,53
2026-08-01,CIVINT/STIC,DOCUMENTO,16,16,8,16,480,51
2026-08-02,CIVINT/STIC,DOCUMENTO,27,21,12,22,489,48
2026-08-03,CIVINT/STIC,DOCUMENTO,17,21,9,18,501,47
2026-08-04,CIVINT/STIC,DOCUMENTO,14,19,5,13,515,45
2026-08-05,CIVINT/STIC,DOCUMENTO,14,13,13,14,515,47
2026-08-06,CIVINT/STIC,DOCUMENTO,21,12,13,23,514,47
2026-08-07,CIVINT/STIC,DOCUMENTO,14,22,9,15,527,47
2026-08-08,CIVINT/STIC,DOCUMENTO,11,14,9,12,532,46
2026-08-09,CIVINT/STIC,DOCUMENTO,15,14,6,13,540,47
2026-08-10,CIVINT/STIC,DOCUMENTO,13,14,10,12,544,48
2026-08-11,CIVINT/STIC,DOCUMENTO,21,13,9,20,548,49
2026-08-12,CIVINT/STIC,DOCUMENTO,22,18,7,24,559,49
2026-08-13,CIVINT/STIC,DOCUMENTO,19,20,9,23,570,54
2026-08-14,CIVINT/STIC,DOCUMENTO,13,19,11,17,578,47
2026-08-15,CIVINT/STIC,DOCUMENTO,16,20,7,13,591,49
2026-08-16,CIVINT/STIC,DOCUMENTO,19,15,5,17,601,50
2026-08-17,CIVINT/STIC,DOCUMENTO,21,14,6,24,609,54
2026-08-18,CIVINT/STIC,DOCUMENTO,28,23,6,29,626,54
2026-08-19,CIVINT/STIC,DOCUMENTO,19,25,7,23,644,56
2026-08-20,CIVINT/STIC,DOCUMENTO,17,13,11,27,646,59
2026-08-21,CIVINT/STIC,DOCUMENTO,21,31,5,17,672,60
2026-08-22,CIVINT/STIC,DOCUMENTO,17,17,5,17,684,59
2026-08-23,CIVINT/STIC,DOCUMENTO,21,16,9,22,691,58
2026-08-24,CIVINT/STIC,DOCUMENTO,23,23,7,22,707,61
2026-08-25,CIVINT/STIC,DOCUMENTO,25,31,12,16,726,58
2026-08-26,CIVINT/STIC,DOCUMENTO,18,19,9,15,736,55
2026-08-27,CIVINT/STIC,DOCUMENTO,26,16,7,25,745,63
2026-08-28,CIVINT/STIC,DOCUMENTO,24,31,9,18,767,62
2026-08-29,CIVINT/STIC,DOCUMENTO,33,20,3,31,784,64
2026-08-30,CIVINT/STIC,DOCUMENTO,29,27,11,33,800,65
2026-08-31,CIVINT/STIC,DOCUMENTO,24,31,8,26,823,64
2026-09-01,CIVINT/STIC,DOCUMENTO,28,28,10,26,841,67
2026-09-02,CIVINT/STIC,DOCUMENTO,32,26,12,32,855,64
2026-09-03,CIVINT/STIC,DOCUMENTO,29,28,2,33,881,73
2026-09-04,CIVINT/STIC,DOCUMENTO,42,34,8,41,907,77
2026-09-05,CIVINT/STIC,DOCUMENTO,23,35,8,29,934,81
2026-09-06,CIVINT/STIC,DOCUMENTO,35,30,9,34,955,80
2026-09-07,CIVINT/STIC,DOCUMENTO,39,25,11,48,969,84
2026-09-08,CIVINT/STIC,DOCUMENTO,36,43,8,41,1004,84
2026-09-09,CIVINT/STIC,DOCUMENTO,38,43,8,36,1039,85
2026-09-10,CIVINT/STIC,DOCUMENTO,32,31,7,37,1063,91
2026-09-11,CIVINT/STIC,DOCUMENTO,35,34,7,38,1090,106
2026-09-12,CIVINT/STIC,DOCUMENTO,29,34,4,33,1120,112
2026-09-13,CIVINT/STIC,DOCUMENTO,54,35,4,52,1151,120
2026-09-14,CIVINT/STIC,DOCUMENTO,40,45,12,47,1184,125
2026-09-15,CIVINT/STIC,DOCUMENTO,32,38,8,41,1214,130
2026-09-16,CIVINT/STIC,DOCUMENTO,36,35,14,42,1235,134
2026-09-17,CIVINT/STIC,DOCUMENTO,34,41,13,35,1263,136
2026-09-18,CIVINT/STIC,DOCUMENTO,53,38,24,50,1277,143
2026-09-19,CIVINT/STIC,DOCUMENTO,49,45,26,54,1296,145
2026-09-20,CIVINT/STIC,DOCUMENTO,43,55,24,42,1327,148
2026-09-21,CIVINT/STIC,DOCUMENTO,42,43,29,41,1341,151
2026-09-22,CIVINT/STIC,DOCUMENTO,46,38,28,49,1351,147
2026-09-23,CIVINT/STIC,DOCUMENTO,46,49,25,46,1375,155
2026-09-24,CIVINT/STIC,DOCUMENTO,44,44,33,46,1386,162
2026-09-25,CIVINT/STIC,DOCUMENTO,44,45,41,45,1390,169
2026-09-26,CIVINT/STIC,DOCUMENTO,49,45,30,49,1405,171
2026-09-27,CIVINT/STIC,DOCUMENTO,66,49,30,66,1424,189
2026-09-28,CIVINT/STIC,DOCUMENTO,108,54,35,120,1443,184
2026-09-29,CIVINT/STIC,DOCUMENTO,120,43,42,197,1444,196
2026-09-30,CIVINT/STIC,DOCUMENTO,108,44,39,261,1449,208
2026-10-01,CIVINT/STIC,DOCUMENTO,119,50,34,330,1465,221
2026-10-02,CIVINT/STIC,DOCUMENTO,122,51,29,401,1487,230
2026-10-03,CIVINT/STIC,DOCUMENTO,116,44,38,473,1493,242
2026-10-04,CIVINT/STIC,DOCUMENTO,102,55,48,520,1500,261
2026-10-05,CIVINT/STIC,DOCUMENTO,119,47,37,592,1510,272
2026-10-06,CIVINT/STIC,DOCUMENTO,123,49,40,666,1519,283
2026-10-07,CIVINT/STIC,DOCUMENTO,82,79,196,669,1402,230
2026-07-10,CIVINT/STIC,EXTRAJUDICIAL,0,0,0,0,2,0
2026-07-11,CIVINT/STIC,EXTRAJUDICIAL,0,0,0,0,2,0
2026-07-12,CIVINT/STIC,EXTRAJUDICIAL,0,0,0,0,2,0
2026-07-13,CIVINT/STIC,EXTRAJUDICIAL,1,1,0,0,3,0
2026-07-14,CIVINT/STIC,EXTRAJUDICIAL,0,0,0,0,3,0
2026-07-15,CIVINT/STIC,EXTRAJUDICIAL,0,0,0,0,3,0
2026-07-16,CIVINT/STIC,EXTRAJUDICIAL,0,0,0,0,3,0
2026-07-17,CIVINT/STIC,EXTRAJUDICIAL,0,0,0,0,3,0
2026-07-18,CIVINT/STIC,EXTRAJUDICIAL,0,0,0,0,3,0
2026-07-19,CIVINT/STIC,EXTRAJUDICIAL,0,0,0,0,3,0
2026-07-20,CIVINT/STIC,EXTRAJUDICIAL,0,0,0,0,3,0
2026-07-21,CIVINT/STIC,EXTRAJUDICIAL,0,0,0,0,3,0
2026-07-22,CIVINT/STIC,EXTRAJUDICIAL,0,0,0,0,3,0
2026-07-23,CIVINT/STIC,EXTRAJUDICIAL,0,0,1,0,2,0
2026-07-24,CIVINT/STIC,EXTRAJUDICIAL,0,0,0,0,2,0
2026-07-25,CIVINT/STIC,EXTRAJUDICIAL,0,0,0,0,2,0
2026-07-26,CIVINT/STIC,EXTRAJUDICIAL,0,0,0,0,2,0
2026-07-27,CIVINT/STIC,EXTRAJUDICIAL,0,0,0,0,2,0
2026-07-28,CIVINT/STIC,EXTRAJUDICIAL,0,0,0,0,2,0
2026-07-29,CIVINT/STIC,EXTRAJUDICIAL,0,0,0,0,2,0
2026-07-30,CIVINT/STIC,EXTRAJUDICIAL,1,0,0,1,2,0
2026-07-31,CIVINT/STIC,EXTRAJUDICIAL,0,1,0,0,3,0
2026-08-01,CIVINT/STIC,EXTRAJUDICIAL,0,0,0,0,3,0
2026-08-02,CIVINT/STIC,EXTRAJUDICIAL,0,0,1,0,2,0
2026-08-03,CIVINT/STIC,EXTRAJUDICIAL,0,0,0,0,2,0
2026-08-04,CIVINT/STIC,EXTRAJUDICIAL,0,0,0,0,2,0
2026-08-05,CIVINT/STIC,EXTRAJUDICIAL,0,0,0,0,2,0
2026-08-06,CIVINT/STIC,EXTRAJUDICIAL,0,0,0,0,2,0
2026-08-07,CIVINT/STIC,EXTRAJUDICIAL,0,0,0,0,2,0
2026-08-08,CIVINT/STIC,EXTRAJUDICIAL,0,0,0,0,2,0
2026-08-09,CIVINT/STIC,EXTRAJUDICIAL,0,0,1,0,1,0
2026-08-10,CIVINT/STIC,EXTRAJUDICIAL,0,0,0,0,1,0
2026-08-11,CIVINT/STIC,EXTRAJUDICIAL,0,0,0,0,1,0
2026-08-12,CIVINT/STIC,EXTRAJUDICIAL,1,0,0,1,1,0
2026-08-13,CIVINT/STIC,EXTRAJUDICIAL,0,1,0,0,2,0
2026-08-14,CIVINT/STIC,EXTRAJUDICIAL,0,0,0,0,2,0
2026-08-15,CIVINT/STIC,EXTRAJUDICIAL,0,0,0,0,2,0
2026-08-16,CIVINT/STIC,EXTRAJUDICIAL,0,0,0,0,2,0
2026-08-17,CIVINT/STIC,EXTRAJUDICIAL,0,0,0,0,2,0
2026-08-18,CIVINT/STIC,EXTRAJUDICIAL,0,0,0,0,2,0
2026-08-19,CIVINT/STIC,EXTRAJUDICIAL,0,0,0,0,2,0
2026-08-20,CIVINT/STIC,EXTRAJUDICIAL,0,0,0,0,2,0
2026-08-21,CIVINT/STIC,EXTRAJUDICIAL,0,0,0,0,2,0
2026-08-22,CIVINT/STIC,EXTRAJUDICIAL,0,0,0,0,2,0
2026-08-23,CIVINT/STIC,EXTRAJUDICIAL,0,0,0,0,2,0
2026-08-24,CIVINT/STIC,EXTRAJUDICIAL,0,0,0,0,2,0
2026-08-25,CIVINT/STIC,EXTRAJUDICIAL,0,0,0,0,2,0
2026-08-26,CIVINT/STIC,EXTRAJUDICIAL,0,0,0,0,2,0
2026-08-27,CIVINT/STIC,EXTRAJUDICIAL,0,0,0,0,2,0
2026-08-28,CIVINT/STIC,EXTRAJUDICIAL,0,0,0,0,2,0
2026-08-29,CIVINT/STIC,EXTRAJUDICIAL,0,0,0,0,2,0
2026-08-30,CIVINT/STIC,EXTRAJUDICIAL,0,0,0,0,2,0
2026-08-31,CIVINT/STIC,EXTRAJUDICIAL,0,0,0,0,2,0
2026-09-01,CIVINT/STIC,EXTRAJUDICIAL,0,0,0,0,2,0
2026-09-02,CIVINT/STIC,EXTRAJUDICIAL,0,0,0,0,2,0
2026-09-03,CIVINT/STIC,EXTRAJUDICIAL,1,0,0,1,2,0
2026-09-04,CIVINT/STIC,EXTRAJUDICIAL,0,0,0,1,2,0
2026-09-05,CIVINT/STIC,EXTRAJUDICIAL,1,1,0,1,3,0
2026-09-06,CIVINT/STIC,EXTRAJUDICIAL,0,1,0,0,4,0
2026-09-07,CIVINT/STIC,EXTRAJUDICIAL,0,0,0,0,4,0
2026-09-08,CIVINT/STIC,EXTRAJUDICIAL,0,0,0,0,4,0
2026-09-09,CIVINT/STIC,EXTRAJUDICIAL,1,0,0,1,4,0
2026-09-10,CIVINT/STIC,EXTRAJUDICIAL,0,1,0,0,5,0
2026-09-11,CIVINT/STIC,EXTRAJUDICIAL,0,0,0,0,5,0
2026-09-12,CIVINT/STIC,EXTRAJUDICIAL,0,0,0,0,5,0
2026-09-13,CIVINT/STIC,EXTRAJUDICIAL,0,0,0,0,5,0
2026-09-14,CIVINT/STIC,EXTRAJUDICIAL,0,0,0,0,5,0
2026-09-15,CIVINT/STIC,EXTRAJUDICIAL,0,0,0,0,5,0
2026-09-16,CIVINT/STIC,EXTRAJUDICIAL,0,0,0,0,5,0
2026-09-17,CIVINT/STIC,EXTRAJUDICIAL,0,0,0,0,5,0
2026-09-18,CIVINT/STIC,EXTRAJUDICIAL,0,0,0,0,5,0
2026-09-19,CIVINT/STIC,EXTRAJUDICIAL,1,0,0,1,5,0
2026-09-20,CIVINT/STIC,EXTRAJUDICIAL,0,1,0,0,6,0
2026-09-21,CIVINT/STIC,EXTRAJUDICIAL,0,0,0,0,6,0
2026-09-22,CIVINT/STIC,EXTRAJUDICIAL,0,0,0,0,6,0
2026-09-23,CIVINT/STIC,EXTRAJUDICIAL,0,0,0,0,6,0
2026-09-24,CIVINT/STIC,EXTRAJUDICIAL,0,0,0,0,6,0
2026-09-25,CIVINT/STIC,EXTRAJUDICIAL,0,0,0,0,6,0
2026-09-26,CIVINT/STIC,EXTRAJUDICIAL,0,0,1,0,5,0
2026-09-27,CIVINT/STIC,EXTRAJUDICIAL,0,0,0,0,5,0
2026-09-28,CIVINT/STIC,EXTRAJUDICIAL,0,0,0,0,5,0
2026-09-29,CIVINT/STIC,EXTRAJUDICIAL,0,0,0,0,5,0
2026-09-30,CIVINT/STIC,EXTRAJUDICIAL,0,0,0,0,5,0
2026-10-01,CIVINT/STIC,EXTRAJUDICIAL,0,0,0,0,5,0
2026-10-02,CIVINT/STIC,EXTRAJUDICIAL,0,0,0,0,5,0
2026-10-03,CIVINT/STIC,EXTRAJUDICIAL,0,0,0,0,5,0
2026-10-04,CIVINT/STIC,EXTRAJUDICIAL,0,0,0,0,5,0
2026-10-05,CIVINT/STIC,EXTRAJUDICIAL,2,1,1,1,5,0
2026-10-06,CIVINT/STIC,EXTRAJUDICIAL,0,1,0,0,6,0
2026-10-07,CIVINT/STIC,EXTRAJUDICIAL,0,0,0,0,6,0
