idRotulo,siglaSetor,gerenciador,descricao,cor,finalizarNaSaida,qtdExpedientes
ROT787JUD01,GABSUB3-DVT,JUDICIAL,Acompanhar,#8BD17C,false,2
ROT787JUD02,GABSUB3-DVT,JUDICIAL,Apelação,#E57373,false,3
ROT787JUD03,GABSUB3-DVT,JUDICIAL,Atenção,#F48FB1,true,1
ROT787JUD04,GABSUB3-DVT,JUDICIAL,Ciência,#AED581,false,1
ROT787JUD05,GABSUB3-DVT,JUDICIAL,Homologação,#C2185B,false,1
ROT787JUD06,GABSUB3-DVT,JUDICIAL,Pendência,#BCAAA4,true,3
ROT787JUD07,GABSUB3-DVT,JUDICIAL,Repercussão geral,#DCE775,false,1
ROT787JUD08,GABSUB3-DVT,JUDICIAL,Relatório,#80CBC4,false,4
ROT787DOC01,GABSUB3-DVT,DOCUMENTO,Responder,#64B5F6,false,51
ROT787DOC02,GABSUB3-DVT,DOCUMENTO,Arquivar,#B0BEC5,false,51
ROT787DOC03,GABSUB3-DVT,DOCUMENTO,Urgente,#E57373,true,42
ROT787DOC04,GABSUB3-DVT,DOCUMENTO,Aguardando TI,#9575CD,false,57
ROT787EXT01,GABSUB3-DVT,EXTRAJUDICIAL,Para parecer,#80CBC4,false,0
ROT787EXT02,GABSUB3-DVT,EXTRAJUDICIAL,Diligência,#FFB74D,false,0
ROT787EXT03,GABSUB3-DVT,EXTRAJUDICIAL,Prorrogar,#F06292,true,0
ROT34325DOC01,CIVINT/STIC,DOCUMENTO,Responder,#64B5F6,false,253
ROT34325DOC02,CIVINT/STIC,DOCUMENTO,Arquivar,#B0BEC5,false,263
ROT34325DOC03,CIVINT/STIC,DOCUMENTO,Urgente,#E57373,true,254
ROT34325DOC04,CIVINT/STIC,DOCUMENTO,Aguardando TI,#9575CD,false,239
ROT34325EXT01,CIVINT/STIC,EXTRAJUDICIAL,Para parecer,#80CBC4,false,1
ROT34325EXT02,CIVINT/STIC,EXTRAJUDICIAL,Diligência,#FFB74D,false,0
ROT34325EXT03,CIVINT/STIC,EXTRAJUDICIAL,Prorrogar,#F06292,true,2
