idUsuario,siglaSetor,contexto,colunasVisiveis,ordenacaoCampo,ordenacaoDirecao,itensPorPagina,caixaInicial,agruparPor,densidade,tema,notificarPorEmail,antecedenciaAlertaPrazoDias
GABSUB3-DVT-U01,GABSUB3-DVT,PAINEL_UNIFICADO,etiqueta;caixa;situacao;acaoPendente;assunto;dataChegada;dataPrazo;statusPrazo;nomeResponsavel;marcadores;tempoParadoDias,dataChegada,desc,25,A_RECEBER,gerenciador,CONFORTAVEL,ESCURO,false,3
GABSUB3-DVT-U01,GABSUB3-DVT,JUDICIAL,etiqueta;situacao;acaoPendente;classe;assunto;dataChegada;dataPrazo;diasRestantes;prioridade;nomeResponsavel;tempoParadoDias,dataChegada,asc,100,NO_SETOR,gerenciador,COMPACTA,AUTO,true,7
GABSUB3-DVT-U01,GABSUB3-DVT,DOCUMENTO,etiqueta;caixa;classe;dataChegada;statusPrazo;prioridade;nomeResponsavel;tempoParadoDias,dataPrazo,asc,50,NO_SETOR,prioridade,COMPACTA,AUTO,true,7
GABSUB3-DVT-U01,GABSUB3-DVT,EXTRAJUDICIAL,etiqueta;situacao;classe;assunto;dataChegada;dataPrazo;diasRestantes;tempoParadoDias,pontuacaoPrioridade,asc,50,NO_SETOR,prioridade,COMPACTA,AUTO,true,3
GABSUB3-DVT-U02,GABSUB3-DVT,PAINEL_UNIFICADO,etiqueta;gerenciador;caixa;assunto;dataChegada;dataPrazo;diasRestantes;nomeResponsavel;marcadores;tempoParadoDias,tempoParadoDias,asc,100,NO_SETOR,statusPrazo,CONFORTAVEL,CLARO,true,3
GABSUB3-DVT-U02,GABSUB3-DVT,JUDICIAL,etiqueta;caixa;situacao;acaoPendente;classe;dataChegada;dataPrazo;statusPrazo,pontuacaoPrioridade,asc,25,NO_SETOR,statusPrazo,COMPACTA,CLARO,false,5
GABSUB3-DVT-U02,GABSUB3-DVT,DOCUMENTO,etiqueta;gerenciador;caixa;situacao;assunto;dataChegada;prioridade;tempoParadoDias,tempoParadoDias,desc,50,NO_SETOR,nomeResponsavel,CONFORTAVEL,CLARO,false,3
GABSUB3-DVT-U02,GABSUB3-DVT,EXTRAJUDICIAL,etiqueta;gerenciador;acaoPendente;classe;assunto;dataChegada;diasRestantes;statusPrazo;marcadores,dataChegada,asc,25,A_RECEBER,gerenciador,COMPACTA,CLARO,true,7
GABSUB3-DVT-U03,GABSUB3-DVT,PAINEL_UNIFICADO,etiqueta;gerenciador;caixa;situacao;acaoPendente;assunto;statusPrazo;prioridade;nomeResponsavel;marcadores,dataChegada,asc,25,A_RECEBER,gerenciador,COMPACTA,ESCURO,false,7
GABSUB3-DVT-U03,GABSUB3-DVT,JUDICIAL,etiqueta;acaoPendente;dataPrazo;diasRestantes;statusPrazo;prioridade;nomeResponsavel;marcadores;tempoParadoDias,dataPrazo,desc,25,A_RECEBER,prioridade,CONFORTAVEL,CLARO,false,5
GABSUB3-DVT-U03,GABSUB3-DVT,DOCUMENTO,etiqueta;gerenciador;caixa;situacao;dataChegada;dataPrazo;diasRestantes;statusPrazo;nomeResponsavel;marcadores;tempoParadoDias,dataPrazo,desc,50,A_RECEBER,nomeResponsavel,CONFORTAVEL,CLARO,true,3
GABSUB3-DVT-U03,GABSUB3-DVT,EXTRAJUDICIAL,etiqueta;caixa;situacao;acaoPendente;classe;dataChegada;dataPrazo;diasRestantes;nomeResponsavel;marcadores;tempoParadoDias,tempoParadoDias,asc,50,A_RECEBER,statusPrazo,COMPACTA,AUTO,false,7
GABSUB3-DVT-U04,GABSUB3-DVT,PAINEL_UNIFICADO,etiqueta;situacao;acaoPendente;classe;assunto;dataChegada;nomeResponsavel;tempoParadoDias,dataPrazo,asc,50,A_RECEBER,nomeResponsavel,COMPACTA,CLARO,false,7
GABSUB3-DVT-U04,GABSUB3-DVT,JUDICIAL,etiqueta;gerenciador;acaoPendente;dataChegada;dataPrazo;marcadores;tempoParadoDias,pontuacaoPrioridade,asc,50,A_RECEBER,prioridade,CONFORTAVEL,CLARO,false,3
GABSUB3-DVT-U04,GABSUB3-DVT,DOCUMENTO,etiqueta;gerenciador;assunto;dataChegada;dataPrazo;prioridade;nomeResponsavel;tempoParadoDias,dataPrazo,desc,50,A_RECEBER,prioridade,CONFORTAVEL,ESCURO,true,3
GABSUB3-DVT-U04,GABSUB3-DVT,EXTRAJUDICIAL,etiqueta;caixa;acaoPendente;dataChegada;dataPrazo;prioridade;nomeResponsavel;marcadores;tempoParadoDias,dataChegada,desc,100,NO_SETOR,gerenciador,COMPACTA,ESCURO,true,7
GABSUB3-DVT-U05,GABSUB3-DVT,PAINEL_UNIFICADO,etiqueta;dataChegada;dataPrazo;prioridade;nomeResponsavel;marcadores;tempoParadoDias,pontuacaoPrioridade,asc,100,NO_SETOR,NENHUM,CONFORTAVEL,AUTO,false,5
GABSUB3-DVT-U05,GABSUB3-DVT,JUDICIAL,etiqueta;gerenciador;caixa;situacao;dataChegada;statusPrazo;prioridade,pontuacaoPrioridade,asc,50,NO_SETOR,prioridade,COMPACTA,ESCURO,true,5
GABSUB3-DVT-U05,GABSUB3-DVT,DOCUMENTO,etiqueta;caixa;acaoPendente;assunto;dataPrazo;nomeResponsavel;marcadores;tempoParadoDias,pontuacaoPrioridade,desc,50,NO_SETOR,gerenciador,COMPACTA,ESCURO,false,5
GABSUB3-DVT-U05,GABSUB3-DVT,EXTRAJUDICIAL,etiqueta;situacao;assunto;dataChegada;dataPrazo;prioridade;nomeResponsavel;marcadores;tempoParadoDias,dataChegada,asc,25,NO_SETOR,gerenciador,COMPACTA,AUTO,true,3
GABSUB3-DVT-U06,GABSUB3-DVT,PAINEL_UNIFICADO,etiqueta;gerenciador;caixa;situacao;acaoPendente;classe;assunto;dataChegada;prioridade;nomeResponsavel;tempoParadoDias,dataChegada,asc,25,A_RECEBER,NENHUM,COMPACTA,CLARO,false,3
GABSUB3-DVT-U06,GABSUB3-DVT,JUDICIAL,etiqueta;caixa;situacao;acaoPendente;assunto;dataChegada;dataPrazo;diasRestantes;prioridade;nomeResponsavel,pontuacaoPrioridade,asc,50,A_RECEBER,statusPrazo,CONFORTAVEL,AUTO,true,7
GABSUB3-DVT-U06,GABSUB3-DVT,DOCUMENTO,etiqueta;caixa;situacao;acaoPendente;dataPrazo;statusPrazo;tempoParadoDias,pontuacaoPrioridade,asc,100,A_RECEBER,statusPrazo,COMPACTA,ESCURO,false,7
GABSUB3-DVT-U06,GABSUB3-DVT,EXTRAJUDICIAL,etiqueta;gerenciador;caixa;situacao;acaoPendente;dataChegada;statusPrazo,tempoParadoDias,desc,100,NO_SETOR,NENHUM,COMPACTA,ESCURO,true,7
CIVINT-STIC-U01,CIVINT/STIC,PAINEL_UNIFICADO,etiqueta;caixa;situacao;acaoPendente;dataChegada;dataPrazo;nomeResponsavel;marcadores,pontuacaoPrioridade,asc,25,A_RECEBER,nomeResponsavel,CONFORTAVEL,CLARO,false,5
CIVINT-STIC-U01,CIVINT/STIC,DOCUMENTO,etiqueta;caixa;situacao;classe;assunto;dataPrazo;marcadores;tempoParadoDias,tempoParadoDias,desc,25,NO_SETOR,NENHUM,COMPACTA,ESCURO,true,7
CIVINT-STIC-U01,CIVINT/STIC,EXTRAJUDICIAL,etiqueta;situacao;acaoPendente;classe;assunto;dataChegada;dataPrazo;diasRestantes;statusPrazo;nomeResponsavel,pontuacaoPrioridade,asc,100,A_RECEBER,gerenciador,CONFORTAVEL,CLARO,false,5
CIVINT-STIC-U02,CIVINT/STIC,PAINEL_UNIFICADO,etiqueta;gerenciador;caixa;classe;assunto;dataPrazo;diasRestantes;prioridade;nomeResponsavel;marcadores;tempoParadoDias,dataPrazo,asc,50,A_RECEBER,statusPrazo,COMPACTA,AUTO,false,3
CIVINT-STIC-U02,CIVINT/STIC,DOCUMENTO,etiqueta;gerenciador;situacao;classe;dataChegada;diasRestantes;prioridade;nomeResponsavel,dataPrazo,asc,25,NO_SETOR,prioridade,CONFORTAVEL,AUTO,false,5
CIVINT-STIC-U02,CIVINT/STIC,EXTRAJUDICIAL,etiqueta;gerenciador;caixa;classe;dataChegada;statusPrazo;prioridade;marcadores,dataPrazo,desc,50,A_RECEBER,NENHUM,CONFORTAVEL,ESCURO,true,7
CIVINT-STIC-U03,CIVINT/STIC,PAINEL_UNIFICADO,etiqueta;gerenciador;caixa;classe;dataChegada;dataPrazo;statusPrazo;prioridade,dataChegada,asc,100,NO_SETOR,nomeResponsavel,CONFORTAVEL,ESCURO,true,3
CIVINT-STIC-U03,CIVINT/STIC,DOCUMENTO,etiqueta;gerenciador;caixa;situacao;acaoPendente;classe;dataChegada;dataPrazo;statusPrazo,dataPrazo,desc,100,NO_SETOR,gerenciador,CONFORTAVEL,AUTO,true,3
CIVINT-STIC-U03,CIVINT/STIC,EXTRAJUDICIAL,etiqueta;gerenciador;caixa;situacao;classe;assunto;dataPrazo;diasRestantes;marcadores,tempoParadoDias,asc,25,A_RECEBER,nomeResponsavel,COMPACTA,CLARO,false,5
CIVINT-STIC-U04,CIVINT/STIC,PAINEL_UNIFICADO,etiqueta;caixa;situacao;acaoPendente;classe;assunto;dataPrazo;diasRestantes;statusPrazo;prioridade;marcadores,tempoParadoDias,desc,100,NO_SETOR,gerenciador,CONFORTAVEL,AUTO,true,3
CIVINT-STIC-U04,CIVINT/STIC,DOCUMENTO,etiqueta;caixa;situacao;assunto;dataPrazo;diasRestantes;statusPrazo,dataPrazo,asc,100,NO_SETOR,prioridade,CONFORTAVEL,CLARO,true,3
CIVINT-STIC-U04,CIVINT/STIC,EXTRAJUDICIAL,etiqueta;caixa;acaoPendente;classe;assunto;dataPrazo;statusPrazo;prioridade;nomeResponsavel;marcadores;tempoParadoDias,tempoParadoDias,asc,25,A_RECEBER,gerenciador,CONFORTAVEL,CLARO,true,7
CIVINT-STIC-U05,CIVINT/STIC,PAINEL_UNIFICADO,etiqueta;caixa;situacao;classe;dataChegada;statusPrazo;prioridade;nomeResponsavel;tempoParadoDias,dataPrazo,desc,100,NO_SETOR,prioridade,COMPACTA,CLARO,false,5
CIVINT-STIC-U05,CIVINT/STIC,DOCUMENTO,etiqueta;caixa;dataChegada;dataPrazo;statusPrazo;prioridade;nomeResponsavel,dataChegada,desc,50,A_RECEBER,NENHUM,CONFORTAVEL,CLARO,true,7
CIVINT-STIC-U05,CIVINT/STIC,EXTRAJUDICIAL,etiqueta;caixa;classe;assunto;dataChegada;diasRestantes;marcadores,tempoParadoDias,desc,25,NO_SETOR,nomeResponsavel,COMPACTA,ESCURO,true,7
CIVINT-STIC-U06,CIVINT/STIC,PAINEL_UNIFICADO,etiqueta;gerenciador;situacao;classe;dataChegada;dataPrazo;diasRestantes;statusPrazo;nomeResponsavel;marcadores;tempoParadoDias,dataPrazo,desc,50,A_RECEBER,statusPrazo,CONFORTAVEL,AUTO,false,3
CIVINT-STIC-U06,CIVINT/STIC,DOCUMENTO,etiqueta;gerenciador;caixa;statusPrazo;nomeResponsavel;marcadores;tempoParadoDias,dataChegada,desc,100,NO_SETOR,nomeResponsavel,CONFORTAVEL,ESCURO,false,7
CIVINT-STIC-U06,CIVINT/STIC,EXTRAJUDICIAL,etiqueta;caixa;acaoPendente;classe;dataChegada;dataPrazo;statusPrazo;prioridade;marcadores;tempoParadoDias,tempoParadoDias,desc,50,NO_SETOR,statusPrazo,CONFORTAVEL,CLARO,true,5
CIVINT-STIC-U07,CIVINT/STIC,PAINEL_UNIFICADO,etiqueta;caixa;acaoPendente;assunto;dataChegada;dataPrazo;diasRestantes;prioridade;nomeResponsavel;marcadores,dataPrazo,asc,25,A_RECEBER,nomeResponsavel,CONFORTAVEL,CLARO,true,3
CIVINT-STIC-U07,CIVINT/STIC,DOCUMENTO,etiqueta;gerenciador;acaoPendente;classe;assunto;dataPrazo;diasRestantes;statusPrazo;prioridade;nomeResponsavel;tempoParadoDias,pontuacaoPrioridade,desc,50,A_RECEBER,prioridade,CONFORTAVEL,AUTO,true,5
CIVINT-STIC-U07,CIVINT/STIC,EXTRAJUDICIAL,etiqueta;gerenciador;caixa;situacao;classe;dataChegada;dataPrazo;diasRestantes;prioridade;marcadores,dataPrazo,asc,25,A_RECEBER,nomeResponsavel,CONFORTAVEL,ESCURO,true,5
CIVINT-STIC-U08,CIVINT/STIC,PAINEL_UNIFICADO,etiqueta;gerenciador;caixa;acaoPendente;assunto;dataChegada;dataPrazo;statusPrazo;prioridade;nomeResponsavel,dataPrazo,asc,50,NO_SETOR,nomeResponsavel,CONFORTAVEL,ESCURO,true,7
CIVINT-STIC-U08,CIVINT/STIC,DOCUMENTO,etiqueta;gerenciador;situacao;assunto;diasRestantes;nomeResponsavel;marcadores;tempoParadoDias,tempoParadoDias,asc,25,A_RECEBER,gerenciador,COMPACTA,AUTO,true,5
CIVINT-STIC-U08,CIVINT/STIC,EXTRAJUDICIAL,etiqueta;gerenciador;caixa;situacao;classe;assunto;dataPrazo;diasRestantes;prioridade;marcadores,dataPrazo,asc,100,A_RECEBER,gerenciador,CONFORTAVEL,CLARO,false,7
